wall_seconds,uuid,used_mib,total_mib,utilization_pct
0.054527797270566225,GPU-f10fb9ad-3826-7c05-721f-aa4e72aae45f,0.0,97887.0,0.0
1.1414196849800646,GPU-f10fb9ad-3826-7c05-721f-aa4e72aae45f,717.0,97887.0,1.0
2.195460088085383,GPU-f10fb9ad-3826-7c05-721f-aa4e72aae45f,717.0,97887.0,0.0
3.252705625258386,GPU-f10fb9ad-3826-7c05-721f-aa4e72aae45f,717.0,97887.0,0.0
4.309671613853425,GPU-f10fb9ad-3826-7c05-721f-aa4e72aae45f,717.0,97887.0,0.0
5.410320953000337,GPU-f10fb9ad-3826-7c05-721f-aa4e72aae45f,717.0,97887.0,0.0
6.474829557817429,GPU-f10fb9ad-3826-7c05-721f-aa4e72aae45f,719.0,97887.0,0.0
7.585834390949458,GPU-f10fb9ad-3826-7c05-721f-aa4e72aae45f,719.0,97887.0,0.0
8.617391170933843,GPU-f10fb9ad-3826-7c05-721f-aa4e72aae45f,719.0,97887.0,0.0
9.646128224208951,GPU-f10fb9ad-3826-7c05-721f-aa4e72aae45f,719.0,97887.0,0.0
10.701443447265774,GPU-f10fb9ad-3826-7c05-721f-aa4e72aae45f,719.0,97887.0,0.0
11.731817382853478,GPU-f10fb9ad-3826-7c05-721f-aa4e72aae45f,719.0,97887.0,0.0
12.761792600154877,GPU-f10fb9ad-3826-7c05-721f-aa4e72aae45f,719.0,97887.0,0.0
13.803915604017675,GPU-f10fb9ad-3826-7c05-721f-aa4e72aae45f,719.0,97887.0,0.0
14.832498282194138,GPU-f10fb9ad-3826-7c05-721f-aa4e72aae45f,721.0,97887.0,0.0
15.912559455260634,GPU-f10fb9ad-3826-7c05-721f-aa4e72aae45f,721.0,97887.0,0.0
16.972692048177123,GPU-f10fb9ad-3826-7c05-721f-aa4e72aae45f,721.0,97887.0,0.0
18.027876467909664,GPU-f10fb9ad-3826-7c05-721f-aa4e72aae45f,721.0,97887.0,0.0
19.07054162491113,GPU-f10fb9ad-3826-7c05-721f-aa4e72aae45f,723.0,97887.0,0.0
20.100068780127913,GPU-f10fb9ad-3826-7c05-721f-aa4e72aae45f,829.0,97887.0,0.0
21.119204996153712,GPU-f10fb9ad-3826-7c05-721f-aa4e72aae45f,829.0,97887.0,0.0
22.15650542313233,GPU-f10fb9ad-3826-7c05-721f-aa4e72aae45f,829.0,97887.0,0.0
23.200420084875077,GPU-f10fb9ad-3826-7c05-721f-aa4e72aae45f,833.0,97887.0,0.0
24.265791999176145,GPU-f10fb9ad-3826-7c05-721f-aa4e72aae45f,1253.0,97887.0,0.0
25.309355303179473,GPU-f10fb9ad-3826-7c05-721f-aa4e72aae45f,1253.0,97887.0,0.0
26.338995829224586,GPU-f10fb9ad-3826-7c05-721f-aa4e72aae45f,1253.0,97887.0,0.0
27.381061145104468,GPU-f10fb9ad-3826-7c05-721f-aa4e72aae45f,1253.0,97887.0,0.0
28.42800364922732,GPU-f10fb9ad-3826-7c05-721f-aa4e72aae45f,1253.0,97887.0,0.0
29.46097407117486,GPU-f10fb9ad-3826-7c05-721f-aa4e72aae45f,1253.0,97887.0,0.0
30.524540565907955,GPU-f10fb9ad-3826-7c05-721f-aa4e72aae45f,1253.0,97887.0,0.0
31.556209144182503,GPU-f10fb9ad-3826-7c05-721f-aa4e72aae45f,1381.0,97887.0,51.0
32.599247560836375,GPU-f10fb9ad-3826-7c05-721f-aa4e72aae45f,1381.0,97887.0,0.0
33.69964919099584,GPU-f10fb9ad-3826-7c05-721f-aa4e72aae45f,1381.0,97887.0,0.0
34.79515698924661,GPU-f10fb9ad-3826-7c05-721f-aa4e72aae45f,1381.0,97887.0,0.0
35.870456187054515,GPU-f10fb9ad-3826-7c05-721f-aa4e72aae45f,1381.0,97887.0,0.0
36.98073563724756,GPU-f10fb9ad-3826-7c05-721f-aa4e72aae45f,1381.0,97887.0,0.0
38.074908922892064,GPU-f10fb9ad-3826-7c05-721f-aa4e72aae45f,1381.0,97887.0,0.0
39.19156012311578,GPU-f10fb9ad-3826-7c05-721f-aa4e72aae45f,1381.0,97887.0,0.0
40.282398825045675,GPU-f10fb9ad-3826-7c05-721f-aa4e72aae45f,1381.0,97887.0,0.0
41.40064580924809,GPU-f10fb9ad-3826-7c05-721f-aa4e72aae45f,1381.0,97887.0,0.0
42.50495757581666,GPU-f10fb9ad-3826-7c05-721f-aa4e72aae45f,1381.0,97887.0,0.0
43.60913472017273,GPU-f10fb9ad-3826-7c05-721f-aa4e72aae45f,1381.0,97887.0,0.0
44.70576784713194,GPU-f10fb9ad-3826-7c05-721f-aa4e72aae45f,1381.0,97887.0,0.0
45.80591985210776,GPU-f10fb9ad-3826-7c05-721f-aa4e72aae45f,1381.0,97887.0,0.0
46.89848309196532,GPU-f10fb9ad-3826-7c05-721f-aa4e72aae45f,1381.0,97887.0,0.0
48.04345257906243,GPU-f10fb9ad-3826-7c05-721f-aa4e72aae45f,1381.0,97887.0,0.0
49.203733576927334,GPU-f10fb9ad-3826-7c05-721f-aa4e72aae45f,1381.0,97887.0,0.0
50.242648236919194,GPU-f10fb9ad-3826-7c05-721f-aa4e72aae45f,1521.0,97887.0,95.0
51.27883163886145,GPU-f10fb9ad-3826-7c05-721f-aa4e72aae45f,1521.0,97887.0,96.0
52.32431119820103,GPU-f10fb9ad-3826-7c05-721f-aa4e72aae45f,1521.0,97887.0,0.0
53.65500411996618,GPU-f10fb9ad-3826-7c05-721f-aa4e72aae45f,1521.0,97887.0,0.0
54.825503800064325,GPU-f10fb9ad-3826-7c05-721f-aa4e72aae45f,1521.0,97887.0,0.0
55.90852288110182,GPU-f10fb9ad-3826-7c05-721f-aa4e72aae45f,1521.0,97887.0,0.0
56.97887007892132,GPU-f10fb9ad-3826-7c05-721f-aa4e72aae45f,1521.0,97887.0,0.0
58.037405436858535,GPU-f10fb9ad-3826-7c05-721f-aa4e72aae45f,1521.0,97887.0,94.0
59.09398335684091,GPU-f10fb9ad-3826-7c05-721f-aa4e72aae45f,1587.0,97887.0,100.0
60.148116059135646,GPU-f10fb9ad-3826-7c05-721f-aa4e72aae45f,1587.0,97887.0,100.0
61.18050465686247,GPU-f10fb9ad-3826-7c05-721f-aa4e72aae45f,1587.0,97887.0,100.0
62.22441348992288,GPU-f10fb9ad-3826-7c05-721f-aa4e72aae45f,1587.0,97887.0,100.0
63.25669619906694,GPU-f10fb9ad-3826-7c05-721f-aa4e72aae45f,1587.0,97887.0,100.0
64.31636973423883,GPU-f10fb9ad-3826-7c05-721f-aa4e72aae45f,1587.0,97887.0,71.0
65.3714054999873,GPU-f10fb9ad-3826-7c05-721f-aa4e72aae45f,1587.0,97887.0,100.0
66.41547094797716,GPU-f10fb9ad-3826-7c05-721f-aa4e72aae45f,1587.0,97887.0,100.0
67.46033213892952,GPU-f10fb9ad-3826-7c05-721f-aa4e72aae45f,1587.0,97887.0,0.0
