condition,num_envs,transitions_per_second,rollout_seconds,ppo_seconds,iteration_seconds,initialization_seconds,warmup_seconds,steady_transitions,steady_wall_seconds,peak_gpu_mib,mean_gpu_utilization_pct,pilot_gpu_hours,full_gpu_hours,slurm_job_id,node,wandb_url,source
wrist,64,809.6312617382616,1.7558510546675987,0.13266196593435275,1.8971599450127945,39.63116399478167,38.52991812909022,13824,17.07443950511515,2081.0,21.722772277227723,0.42159109889173213,6.323866483375983,51121191,holygpu7c1731.rc.fas.harvard.edu,https://wandb.ai/pgozdil-harvard-university/active-perception-so101/runs/spmopn8m,artifacts/cluster_pilot/bench-51121191-wrist-64-ppo.json
wrist,128,1504.7179414696989,1.8747842695253591,0.15585720968536204,2.0415786343316236,3.149226498324424,11.876524717081338,27648,18.374207708984613,2671.0,55.22222222222222,0.22684207048129154,3.4026310572193728,51121585,holygpu7c1731.rc.fas.harvard.edu,https://wandb.ai/pgozdil-harvard-university/active-perception-so101/runs/6bo0c0a2,artifacts/cluster_pilot/bench-51121585-wrist-128-ppo.json
wrist,256,2679.313633282664,2.051800193472041,0.23266349525915253,2.2931245986579194,3.094362758100033,12.598439851310104,55296,20.638121387921274,4727.0,61.41025641025641,0.12739581103655107,1.9109371655482659,51121586,holygpu7c1731.rc.fas.harvard.edu,https://wandb.ai/pgozdil-harvard-university/active-perception-so101/runs/rgdh8mg7,artifacts/cluster_pilot/bench-51121586-wrist-256-ppo.json
wrist,512,4512.124149708936,2.3054755290763245,0.40945219103660846,2.723329321688248,3.0120217599906027,14.634329841006547,110592,24.509963895194232,8397.0,65.75555555555556,0.07564803671356245,1.1347205507034368,51121587,holygpu7c1931.rc.fas.harvard.edu,https://wandb.ai/pgozdil-harvard-university/active-perception-so101/runs/e2xeo53y,artifacts/cluster_pilot/bench-51121587-wrist-512-ppo.json
wrist,1024,7169.732108931201,2.693396566953096,0.7199637667896847,3.4277431327435703,27.54720329819247,35.60447236336768,221184,30.849688194692135,15949.0,42.70652173913044,0.047607543510327366,0.7141131526549105,51136003,holygpu7c1713.rc.fas.harvard.edu,https://wandb.ai/pgozdil-harvard-university/active-perception-so101/runs/9rb62gd4,artifacts/cluster_pilot/bench-51136003-wrist-1024-ppo.json
wrist,2048,10490.856275102904,3.33709828208925,1.321303838243087,4.685222894212024,27.48207388399169,40.54442948522046,442368,42.16700604790822,30607.0,48.99074074074074,0.032536270098694614,0.4880440514804191,51136004,holygpu7c1713.rc.fas.harvard.edu,https://wandb.ai/pgozdil-harvard-university/active-perception-so101/runs/pduaid2e,artifacts/cluster_pilot/bench-51136004-wrist-2048-ppo.json
wrist,4096,12161.813437351817,5.4955340849960015,2.567334671401315,8.083005096763372,27.576000838074833,49.47021202510223,884736,72.74704587087035,59985.0,65.7132867132867,0.028065989919317264,0.420989848789759,51136319,holygpu7c1713.rc.fas.harvard.edu,https://wandb.ai/pgozdil-harvard-university/active-perception-so101/runs/jmyarnky,artifacts/cluster_pilot/bench-51136319-wrist-4096-ppo.json
wrist_static,64,777.2541243639266,1.811103908552064,0.1565906472193698,1.9761876480964322,2.906956187915057,10.713294360786676,13824,17.78568883286789,2211.0,65.70588235294117,0.43915281068809603,6.587292160321441,51121659,holygpu7c1934.rc.fas.harvard.edu,https://wandb.ai/pgozdil-harvard-university/active-perception-so101/runs/634nnjva,artifacts/cluster_pilot/bench-51121659-wrist_static-64-ppo.json
wrist_static,128,1395.6134325401013,1.9762800827415452,0.21723368008517557,2.201182597109841,3.192474879324436,13.195999380201101,27648,19.81064337398857,3491.0,60.9,0.24457584412331565,3.668637661849735,51121854,holygpu7c2331.rc.fas.harvard.edu,https://wandb.ai/pgozdil-harvard-university/active-perception-so101/runs/ete9l8z4,artifacts/cluster_pilot/bench-51121854-wrist_static-128-ppo.json
wrist_static,256,2427.9630396034554,2.1500830280387566,0.37114929583751494,2.5305162804304726,2.8742757393047214,13.270935178734362,55296,22.774646523874253,5937.0,67.63414634146342,0.14058423780169294,2.108763567025394,51121860,holygpu7c1731.rc.fas.harvard.edu,https://wandb.ai/pgozdil-harvard-university/active-perception-so101/runs/9m498lgq,artifacts/cluster_pilot/bench-51121860-wrist_static-256-ppo.json
wrist_static,512,3827.003905736,2.4856530219419963,0.71508419736185,3.2108668563370077,2.919588205870241,15.013886071741581,110592,28.897801707033068,10825.0,72.91836734693878,0.08919074600936132,1.3378611901404198,51121872,holygpu7c1934.rc.fas.harvard.edu,https://wandb.ai/pgozdil-harvard-university/active-perception-so101/runs/y94itt1f,artifacts/cluster_pilot/bench-51121872-wrist_static-512-ppo.json
wrist_static,1024,5591.3040107059805,3.0696290048460164,1.3146521726416216,4.395396843552589,87.96306583331898,48.5591112440452,221184,39.558571591973305,20839.0,30.0225988700565,0.06104717838267485,0.9157076757401228,51136005,holygpu7c1716.rc.fas.harvard.edu,https://wandb.ai/pgozdil-harvard-university/active-perception-so101/runs/0tv2p8nm,artifacts/cluster_pilot/bench-51136005-wrist_static-1024-ppo.json
wrist_static,2048,7168.503026400603,4.284773782361299,2.5569911364776394,6.8566616794301405,28.628424651920795,46.75825223699212,442368,61.70995511487126,40381.0,58.93181818181818,0.04761570610715375,0.7142355916073063,51136006,holygpu7c1728.rc.fas.harvard.edu,https://wandb.ai/pgozdil-harvard-university/active-perception-so101/runs/cadfwrko,artifacts/cluster_pilot/bench-51136006-wrist_static-2048-ppo.json
wrist_static,4096,7901.510811928081,7.3981039972148,5.030414685503477,12.441165030313035,29.711906549986452,64.67907453328371,884736,111.97048527281731,79493.0,72.92893401015229,0.04319848968858692,0.6479773453288039,51136320,holygpu7c1728.rc.fas.harvard.edu,https://wandb.ai/pgozdil-harvard-university/active-perception-so101/runs/07y1a2ab,artifacts/cluster_pilot/bench-51136320-wrist_static-4096-ppo.json
initial,64,740.8126550988927,1.8979920686946974,0.16484355196977654,2.073398705364929,3.10152192087844,12.110335438977927,13824,18.660588348284364,2211.0,58.64102564102564,0.46075526785887316,6.911329017883097,51121886,holygpu7c1931.rc.fas.harvard.edu,https://wandb.ai/pgozdil-harvard-university/active-perception-so101/runs/zlih9m8l,artifacts/cluster_pilot/bench-51121886-initial-64-ppo.json
initial,128,1303.4439134846953,2.1175192393776445,0.23013417691820198,2.3568332846690385,2.989197844173759,14.392290398012847,27648,21.211499562021345,3493.0,61.976190476190474,0.26187036496322647,3.928055474448397,51122108,holygpu7c1728.rc.fas.harvard.edu,https://wandb.ai/pgozdil-harvard-university/active-perception-so101/runs/aheinxrd,artifacts/cluster_pilot/bench-51122108-initial-128-ppo.json
initial,256,2262.541181810163,2.326294718620678,0.3770381118584838,2.7155306826656065,2.719418164808303,13.854710537008941,55296,24.439776143990457,5939.0,72.25,0.15086281570364482,2.262942235554672,51122135,holygpu7c1731.rc.fas.harvard.edu,https://wandb.ai/pgozdil-harvard-university/active-perception-so101/runs/dfnr123w,artifacts/cluster_pilot/bench-51122135-initial-256-ppo.json
initial,512,3455.5389016372806,2.8241410452044673,0.7215436679931978,3.5560299998873637,2.9903935720212758,16.815468793734908,110592,32.004269998986274,10827.0,75.33333333333333,0.09877861110798232,1.481679166619735,51122152,holygpu7c1731.rc.fas.harvard.edu,https://wandb.ai/pgozdil-harvard-university/active-perception-so101/runs/8ca7v5ii,artifacts/cluster_pilot/bench-51122152-initial-512-ppo.json
initial,1024,4883.623845962435,3.6724404618661435,1.3502656414897904,5.032328609894547,27.516916415654123,48.291950854007155,221184,45.290957489050925,20841.0,50.427350427350426,0.06989345291520205,1.0484017937280306,51136258,holygpu7c1710.rc.fas.harvard.edu,https://wandb.ai/pgozdil-harvard-university/active-perception-so101/runs/kfuar3ec,artifacts/cluster_pilot/bench-51136258-initial-1024-ppo.json
initial,2048,6266.282645102655,5.324042700179335,2.503403155029648,7.843884928876327,26.243651806842536,55.74828688194975,442368,70.59496435988694,40379.0,62.73154362416108,0.05447142311719671,0.8170713467579507,51136296,holygpu7c1731.rc.fas.harvard.edu,https://wandb.ai/pgozdil-harvard-university/active-perception-so101/runs/leytqr1o,artifacts/cluster_pilot/bench-51136296-initial-2048-ppo.json
initial,4096,6844.525019126501,9.369819164897004,4.977895750974615,14.36242832414185,27.224026180803776,76.46426023589447,884736,129.26185491727665,79493.0,76.33482142857143,0.0498695427921592,0.7480431418823881,51136321,holygpu7c1731.rc.fas.harvard.edu,https://wandb.ai/pgozdil-harvard-university/active-perception-so101/runs/ys6yij7u,artifacts/cluster_pilot/bench-51136321-initial-4096-ppo.json
active,64,741.5238492713888,1.9065052796051734,0.15738103042046228,2.071410112445139,2.6888066567480564,11.290769950021058,13824,18.642691012006253,2225.0,62.80555555555556,0.46031335832114206,6.904700374817131,51122158,holygpu7c1934.rc.fas.harvard.edu,https://wandb.ai/pgozdil-harvard-university/active-perception-so101/runs/b8qq0rhd,artifacts/cluster_pilot/bench-51122158-active-64-ppo.json
active,128,1301.9537776336335,2.132972124032676,0.21686693311979374,2.359530770426823,3.242245274130255,15.504679593257606,27648,21.235776933841407,3493.0,58.30232558139535,0.26217008560298033,3.932551284044705,51122340,holygpu7c1713.rc.fas.harvard.edu,https://wandb.ai/pgozdil-harvard-university/active-perception-so101/runs/mlot871c,artifacts/cluster_pilot/bench-51122340-active-128-ppo.json
active,256,2244.633665184963,2.353086247626278,0.3743247863733106,2.7371949798737965,2.9700438110157847,13.975214201025665,55296,24.634754818864167,5939.0,69.75,0.15206638777076645,2.280995816561497,51122342,holygpu7c1731.rc.fas.harvard.edu,https://wandb.ai/pgozdil-harvard-university/active-perception-so101/runs/v75xn29s,artifacts/cluster_pilot/bench-51122342-active-256-ppo.json
active,512,3408.1134184345424,2.8742034681037896,0.7196250734333363,3.60551381111145,2.8956867810338736,17.300486363936216,110592,32.44962430000305,10827.0,72.32142857142857,0.10015316141976251,1.5022974212964375,51121584,holygpu7c1931.rc.fas.harvard.edu,https://wandb.ai/pgozdil-harvard-university/active-perception-so101/runs/e78d0g86,artifacts/cluster_pilot/bench-51121584-active-512-ppo.json
active,1024,4719.584905230933,3.8705633642255433,1.3273620467322569,5.207237605315943,28.608651245944202,28.21195826632902,221184,46.86513844784349,20733.0,58.75247524752475,0.072322744518277,1.084841167774155,51136315,holygpu7c1713.rc.fas.harvard.edu,https://wandb.ai/pgozdil-harvard-university/active-perception-so101/runs/v3qai9tc,artifacts/cluster_pilot/bench-51136315-active-1024-ppo.json
active,2048,6222.720024528872,5.372009904227323,2.5155272378793194,7.898796636559483,25.699476099107414,55.71125055011362,442368,71.08916972903535,40379.0,63.733333333333334,0.054852754420551965,0.8227913163082794,51136002,holygpu7c1716.rc.fas.harvard.edu,https://wandb.ai/pgozdil-harvard-university/active-perception-so101/runs/mj9kayxf,artifacts/cluster_pilot/bench-51136002-active-2048-ppo.json
active,4096,6940.8497008374625,9.172183768254602,4.977018668264565,14.163107434546369,27.202755321282893,77.35916280373931,884736,127.46796691091731,79559.0,75.60986547085201,0.04917745636995267,0.73766184554929,51136318,holygpu7c1731.rc.fas.harvard.edu,https://wandb.ai/pgozdil-harvard-university/active-perception-so101/runs/np51ttob,artifacts/cluster_pilot/bench-51136318-active-4096-ppo.json
