condition,seed,transitions,iteration,reward,success_rate,episode_length_steps,rollout_seconds,ppo_seconds,iteration_seconds
active,0,12288,1,,,,34.159595272969455,1.410967105999589,35.570619442965835
active,0,24576,2,,,,3.0715797669254243,0.720664719119668,3.8227371140383184
active,0,36864,3,,,,3.1862824000418186,0.7229322728235275,3.9174237188417464
active,0,49152,4,-0.4032557763904333,0.0,88.0,3.103149476926774,0.7262523311655968,3.834974680095911
active,0,61440,5,-0.4032557763904333,0.0,88.0,2.4632455999962986,0.7115742340683937,3.1877412530593574
active,0,73728,6,-0.4032557763904333,0.0,88.0,3.015181327937171,0.7071280090603977,3.72761997487396
active,0,86016,7,-0.4032557763904333,0.0,88.0,3.025629575131461,0.710517241852358,3.750876100966707
active,0,98304,8,-0.29226393707096576,0.0,88.0,2.653826657915488,0.7258416670374572,3.3897775860968977
active,0,110592,9,-0.29226393707096576,0.0,88.0,2.751400454202667,0.7059895650018007,3.480016604065895
active,0,122880,10,-0.29226393707096576,0.0,88.0,3.0835636439733207,0.712347200140357,3.8070369558408856
active,0,135168,11,0.06255167245864868,0.0,88.0,3.211706731002778,0.7140524031128734,3.9331378671340644
active,0,147456,12,0.06255167245864868,0.0,88.0,2.2826476548798382,0.7132981331087649,3.023516763933003
active,0,159744,13,0.06255167245864868,0.0,88.0,2.9470381499268115,0.71439472399652,3.671867311000824
active,0,172032,14,0.06255167245864868,0.0,88.0,3.09375,0.7126451460644603,3.8233217189554125
active,0,184320,15,-0.07251942351460457,0.0,88.0,2.917704456951469,0.7276605090592057,3.6562663819640875
active,0,196608,16,-0.07251942351460457,0.0,88.0,2.5240706969052553,0.7117741119582206,3.2561325221322477
active,0,208896,17,-0.07251942351460457,0.0,88.0,3.0931892700027674,0.7119367660488933,3.8377971639856696
active,0,221184,18,-0.07251942351460457,0.0,88.0,3.1273178490810096,0.71603819495067,3.850678442977369
active,0,233472,19,0.07655681446194648,0.0,88.0,2.697395556839183,0.7272393191233277,3.4324475589673966
active,0,245760,20,0.07655681446194648,0.0,88.0,2.7662079569417983,0.7129453851375729,3.5040938491001725
active,0,258048,21,0.07655681446194648,0.0,88.0,3.098736942978576,0.7117222249507904,3.826737751951441
active,0,270336,22,0.2941105873323977,0.0,88.0,3.221587510081008,0.714306432986632,3.943015550961718
active,0,282624,23,0.2941105873323977,0.0,88.0,2.385005400981754,0.7143740640021861,3.1116544869728386
active,0,294912,24,0.2941105873323977,0.0,88.0,3.081472964026034,0.7123906051274389,3.805646243970841
active,0,307200,25,0.2941105873323977,0.0,88.0,3.192005132092163,0.7166759208776057,3.9179542721249163
active,0,319488,26,0.2628498266637325,0.0,88.0,2.9994121950585395,0.7302464679814875,3.735832653939724
active,0,331776,27,0.2628498266637325,0.0,88.0,2.6782021769322455,0.7160736760124564,3.4238899459596723
active,0,344064,28,0.2628498266637325,0.0,88.0,3.2343158568255603,0.7165931430645287,3.957642058143392
active,0,356352,29,0.2628498266637325,0.0,88.0,3.2435029891785234,0.7175237459596246,3.9663762520067394
active,0,368640,30,0.41428406119346617,0.0,88.0,2.7415105011314154,0.7294880328699946,3.480438692960888
active,0,380928,31,0.41428406119346617,0.0,88.0,2.9068588099908084,0.7164367090445012,3.6522583379410207
active,0,393216,32,0.41428406119346617,0.0,88.0,3.2432228901889175,0.7127929248381406,3.9683520388789475
active,0,405504,33,0.25100916277617213,0.0,88.0,3.306190764065832,0.7159686388913542,4.029812367167324
active,0,417792,34,0.25100916277617213,0.0,88.0,2.4269174959044904,0.7174695250578225,3.160843941848725
active,0,430080,35,0.25100916277617213,0.0,88.0,3.1809237259440124,0.717984315007925,3.91282797511667
active,0,442368,36,0.4084156633540988,1.0,87.8,3.353305571945384,0.7167443300131708,4.088067709002644
active,0,454656,37,0.4262546306848526,0.0,88.0,3.0801646679174155,0.7284282071050256,3.826174159999937
active,0,466944,38,0.4262546306848526,0.0,88.0,2.6448163769673556,0.7167276949621737,3.3766093410085887
active,0,479232,39,0.4262546306848526,0.0,88.0,3.2831705601420254,0.7160768499597907,4.015146225923672
active,0,491520,40,0.39797985017299653,0.0,88.0,3.368845018791035,0.7124581751413643,4.090203806059435
active,0,503808,41,0.7270607534050941,0.0,88.0,2.9203023398295045,0.7289139439817518,3.6664537240285426
active,0,516096,42,0.7270607534050941,0.0,88.0,2.954977659974247,0.7171061509288847,3.6945150739047676
active,0,528384,43,0.7270607534050941,0.0,88.0,3.265756295993924,0.7158881081268191,3.9911176420282573
active,0,540672,44,0.7798915677145124,0.0,88.0,3.4547379759605974,0.7084871709812433,4.173187138047069
active,0,552960,45,0.7798915677145124,0.0,88.0,2.470630031079054,0.7131977309472859,3.2008311219979078
active,0,565248,46,0.7798915677145124,0.0,88.0,3.187477624975145,0.7105393121019006,3.909889796981588
active,0,577536,47,0.780488395281136,0.0,88.0,3.359254416078329,0.7152352510020137,4.090106680989265
active,0,589824,48,0.936769960783422,0.0,88.0,3.001462433952838,0.730096654035151,3.774023204110563
active,0,602112,49,0.936769960783422,0.0,88.0,2.6399029640015215,0.7154583248775452,3.385823561809957
active,0,614400,50,0.936769960783422,0.0,88.0,3.238302434794605,0.71529157506302,3.970158533193171
active,0,626688,51,0.932996727488935,0.0,88.0,3.3500166670419276,0.7143857791088521,4.075138384941965
active,0,638976,52,1.1697951513249427,0.0,88.0,2.784229323035106,0.7305566570721567,3.5573932910338044
active,0,651264,53,1.1697951513249427,0.0,88.0,2.9549604197964072,0.7146317360457033,3.709190567024052
active,0,663552,54,1.1697951513249427,0.0,88.0,3.293230490060523,0.7098087428603321,4.027124699903652
active,0,675840,55,0.7932802144438028,0.0,88.0,3.508682719897479,0.7107032609637827,4.234273508889601
active,0,688128,56,0.7932802144438028,0.0,88.0,2.4560090249869972,0.7145059388130903,3.2030622879974544
active,0,700416,57,0.7932802144438028,0.0,88.0,3.178196012042463,0.713979460997507,3.9018721079919487
active,0,712704,58,0.7905132976919412,0.0,88.0,3.3453849321231246,0.712842880981043,4.07200296712108
active,0,724992,59,1.030883134007454,0.0,88.0,3.0403764040675014,0.7283875870052725,3.8059163629077375
active,0,737280,60,1.030883134007454,0.0,88.0,2.6682066021021456,0.7155529221054167,3.4262338040862232
active,0,749568,61,1.030883134007454,0.0,88.0,3.2353860321454704,0.7124805538915098,3.9638073809910566
active,0,761856,62,1.0530393427610398,0.0,88.0,3.369238424114883,0.7137143609579653,4.097259192960337
active,0,774144,63,0.7873693407699466,0.0,88.0,2.7945699258707464,0.7284207381308079,3.554087890079245
active,0,786432,64,0.7873693407699466,0.0,88.0,2.933399277040735,0.7133272108621895,3.725825263885781
active,0,798720,65,0.7873693407699466,0.0,88.0,3.2837364750448614,0.7110779960639775,4.017988590057939
active,0,811008,66,1.1223958165198564,0.0,88.0,3.4769045100547373,0.7126538639422506,4.205477175069973
active,0,823296,67,1.1223958165198564,0.0,88.0,2.505603845929727,0.7120106320362538,3.3057346139103174
active,0,835584,68,1.1223958165198564,0.0,88.0,3.1597480929922312,0.7100405739620328,3.8901827360969037
active,0,847872,69,1.1100717294961213,0.0,88.0,3.3774817590601742,0.7176508021075279,4.109175784979016
active,0,860160,70,0.8050605493038893,0.0,88.0,3.030403597978875,0.7347789229825139,3.833953081863001
active,0,872448,71,0.8050605493038893,0.0,88.0,2.6890752711333334,0.7170465269591659,3.432856885017827
active,0,884736,72,0.8050605493038893,0.0,88.0,3.237758992938325,0.717135570012033,3.961017976049334
active,0,897024,73,0.7932155983895064,0.0,88.0,3.3452444879803807,0.716582213062793,4.077117152046412
active,0,909312,74,0.9405905352532864,0.5,88.0,2.8965930780395865,0.7273631461430341,3.650748417014256
active,0,921600,75,0.9405905352532864,0.5,88.0,2.9640268590301275,0.7171660459134728,3.7844460369087756
active,0,933888,76,0.9405905352532864,0.5,88.0,3.2947840171400458,0.7169537979643792,4.028001202037558
active,0,946176,77,1.041756172031164,0.0,88.0,3.6004813748877496,0.7140620311256498,4.324393717106432
active,0,958464,78,1.041756172031164,0.0,88.0,2.5150015100371093,0.716594910947606,3.2701096329838037
active,0,970752,79,1.041756172031164,0.0,88.0,3.2131792011205107,0.718327343929559,3.947927098022774
active,0,983040,80,1.0126676414906979,0.0,88.0,3.4130326791200787,0.7157491359394044,4.140263044973835
active,0,995328,81,0.9932210391014814,0.0,88.0,3.1834411488380283,0.7273048781789839,3.9578175279311836
active,0,1007616,82,0.9932210391014814,0.0,88.0,2.727347593056038,0.714393116068095,3.5063487209845334
active,0,1019904,83,0.9932210391014814,0.0,88.0,3.284292556811124,0.7172145391814411,4.019066612003371
active,0,1032192,84,0.9648515003174544,0.0,88.0,3.412994983140379,0.7163608109112829,4.1452849509660155
active,0,1044480,85,1.2583229438215495,0.0,88.0,2.9493026041891426,0.7281821409706026,3.735626131063327
active,0,1056768,86,1.2583229438215495,0.0,88.0,2.997101543005556,0.718122687889263,3.746775285108015
active,0,1069056,87,1.2583229438215495,0.0,88.0,3.324310571886599,0.7150110511574894,4.047911637928337
active,0,1081344,88,1.2531719265505672,0.0,88.0,3.6412734219338745,0.7177487320732325,4.380644320975989
active,0,1093632,89,1.2531719265505672,0.0,88.0,2.5294000359717757,0.7187202149070799,3.27513062604703
active,0,1105920,90,1.2531719265505672,0.0,88.0,3.224592496873811,0.7176243860740215,3.952755328034982
active,0,1118208,91,1.2689867560192942,0.0,88.0,3.4345962770748883,0.7177100849803537,4.165290102828294
active,0,1130496,92,1.3746168141812085,0.0,88.0,3.216213502921164,0.7308536660857499,3.9768019581679255
active,0,1142784,93,1.3746168141812085,0.0,88.0,2.7495164750143886,0.7169020648580045,3.518611173843965
active,0,1155072,94,1.3746168141812085,0.0,88.0,3.3135070020798594,0.7159771309234202,4.05909483297728
active,0,1167360,95,1.4871653609722852,0.5,87.79,3.538618325954303,0.7151111059356481,4.294366818154231
active,0,1179648,96,0.872600330580026,0.0,88.0,2.9775714529678226,0.7296343341004103,3.7349141319282353
active,0,1191936,97,0.872600330580026,0.0,88.0,3.0209285898599774,0.7168038780800998,3.761452204082161
active,0,1204224,98,0.872600330580026,0.0,88.0,3.315335847204551,0.7168823960237205,4.043666469864547
active,0,1216512,99,1.2713047094270586,0.0,88.0,3.7131617369595915,0.7153739591594785,4.444065000163391
active,0,1228800,100,1.2713047094270586,0.0,88.0,2.520269030937925,0.7182176529895514,3.2689103297889233
initial,0,12288,1,,,,34.02785049378872,1.520446180133149,35.54836215195246
initial,0,24576,2,,,,3.026179709006101,0.7052312400192022,3.7679791091941297
initial,0,36864,3,,,,3.084373756079003,0.7037171539850533,3.7951438759919256
initial,0,49152,4,-0.300212121643126,0.0,88.0,3.038499107118696,0.7224489790387452,3.7646516889799386
initial,0,61440,5,-0.300212121643126,0.0,88.0,2.4736864070873708,0.7034017220139503,3.1869280259124935
initial,0,73728,6,-0.300212121643126,0.0,88.0,3.009390891995281,0.7035563529934734,3.7183171019423753
initial,0,86016,7,-0.300212121643126,0.0,88.0,3.008804784854874,0.7021425871644169,3.7263845461420715
initial,0,98304,8,-0.2295073577016592,0.0,88.0,2.6499688939657062,0.7189733171835542,3.374843272846192
initial,0,110592,9,-0.2295073577016592,0.0,88.0,2.7610359659884125,0.7019361378625035,3.483411976136267
initial,0,122880,10,-0.2295073577016592,0.0,88.0,3.0737085440196097,0.7011232511140406,3.7837934978306293
initial,0,135168,11,0.039849993288516995,0.0,88.0,3.1765156218316406,0.7033190380316228,3.887895064195618
initial,0,147456,12,0.039849993288516995,0.0,88.0,2.330884019145742,0.7026182790286839,3.0486130339559168
initial,0,159744,13,0.039849993288516995,0.0,88.0,2.9914253428578377,0.7022555361036211,3.7006628590170294
initial,0,172032,14,0.039849993288516995,0.0,88.0,3.071591514861211,0.7118960851803422,3.7888822839595377
initial,0,184320,15,-0.02345804702490568,0.0,88.0,2.924376531969756,0.7193796960636973,3.651723793009296
initial,0,196608,16,-0.02345804702490568,0.0,88.0,2.5691726389341056,0.7011949890293181,3.2837312989868224
initial,0,208896,17,-0.02345804702490568,0.0,88.0,3.102538343053311,0.7024945239536464,3.81545690796338
initial,0,221184,18,-0.02345804702490568,0.0,88.0,3.096294848015532,0.704041319899261,3.806924458127469
initial,0,233472,19,0.1584527787938714,0.0,88.0,2.672139327041805,0.7228076159954071,3.4014295749366283
initial,0,245760,20,0.1584527787938714,0.0,88.0,2.834455960895866,0.7183929490856826,3.564119677990675
initial,0,258048,21,0.1584527787938714,0.0,88.0,3.09764048201032,0.7175041390582919,3.8297236100770533
initial,0,270336,22,0.40080004442483186,0.0,88.0,3.2001790390349925,0.7177939920220524,3.9251638038549572
initial,0,282624,23,0.40080004442483186,0.0,88.0,2.3344462199602276,0.7174970679916441,3.0623906240798533
initial,0,294912,24,0.40080004442483186,0.0,88.0,2.9929439949337393,0.7170493979938328,3.7155438410118222
initial,0,307200,25,0.40080004442483186,0.0,88.0,3.050352382939309,0.7160748459864408,3.7727795059327036
initial,0,319488,26,0.3680104921758175,0.0,88.0,2.8930928059853613,0.7275881790556014,3.6256330269388855
initial,0,331776,27,0.3680104921758175,0.0,88.0,2.5243653368670493,0.717176967067644,3.252603610046208
initial,0,344064,28,0.3680104921758175,0.0,88.0,3.078792082844302,0.7180173750966787,3.803896876052022
initial,0,356352,29,0.3680104921758175,0.0,88.0,3.0710013031493872,0.7158092798199505,3.795610684901476
initial,0,368640,30,0.3477850204706192,0.0,88.0,2.65509702404961,0.7271810309030116,3.392442608019337
initial,0,380928,31,0.3477850204706192,0.0,88.0,2.73041207017377,0.7166510098613799,3.457921501947567
initial,0,393216,32,0.3477850204706192,0.0,88.0,3.0320765550713986,0.7011743159964681,3.738846024032682
initial,0,405504,33,0.26947937129065397,0.0,88.0,3.127497512148693,0.7019079939927906,3.8375573770608753
initial,0,417792,34,0.26947937129065397,0.0,88.0,2.3207295530010015,0.7031122059561312,3.056563053978607
initial,0,430080,35,0.26947937129065397,0.0,88.0,2.9961018201429397,0.7031770029570907,3.7049314139876515
initial,0,442368,36,0.42308870909735563,1.0,87.62,3.265497447922826,0.7044151269365102,3.9742500470019877
initial,0,454656,37,0.3368505595624447,0.0,88.0,3.024359103059396,0.7200168580748141,3.7557593181263655
initial,0,466944,38,0.3368505595624447,0.0,88.0,2.5138878049328923,0.701913031982258,3.2309258449822664
initial,0,479232,39,0.3299691794812679,0.0,88.0,3.1837906572036445,0.7012358480133116,3.895776002900675
initial,0,491520,40,0.3299691794812679,0.0,88.0,3.079504721099511,0.7016392510849983,3.7910738550126553
initial,0,503808,41,0.5058336905390024,0.0,88.0,2.8678026639390737,0.7180595579557121,3.5912538319826126
initial,0,516096,42,0.5058336905390024,0.0,88.0,2.7866859450004995,0.701493653934449,3.5002204910852015
initial,0,528384,43,0.4939722738415003,0.0,88.0,3.177471508970484,0.700975488172844,3.889110706979409
initial,0,540672,44,0.4721694452315569,0.0,88.0,3.2025705340784043,0.7012990929652005,3.9153755689039826
initial,0,552960,45,0.4721694452315569,0.0,88.0,2.2900053879711777,0.7004483598284423,3.0041116080246866
initial,0,565248,46,0.4721694452315569,0.0,88.0,2.9320574949961156,0.7007933859713376,3.6478830501437187
initial,0,577536,47,0.4848948050290346,0.0,88.0,3.0948592929635197,0.7018217239528894,3.8075020618271083
initial,0,589824,48,0.7000947932898999,0.0,88.0,2.880290274042636,0.7182747009210289,3.633085262030363
initial,0,602112,49,0.7000947932898999,0.0,88.0,2.507998110027984,0.6998835639096797,3.2283399240113795
initial,0,614400,50,0.7386336563527585,0.0,88.0,3.119805029127747,0.7026564639527351,3.830640765139833
initial,0,626688,51,0.7386336563527585,0.0,88.0,2.996093397960067,0.7024404699914157,3.767280612839386
initial,0,638976,52,0.6168989457935095,0.0,88.0,2.6678832119796425,0.7192448221612722,3.4228372999932617
initial,0,651264,53,0.6168989457935095,0.0,88.0,2.7864691910799593,0.7029411899857223,3.516012027161196
initial,0,663552,54,0.600809653326869,0.0,88.0,3.161891203839332,0.7022655899636447,3.875712928827852
initial,0,675840,55,0.750875629633665,0.0,88.0,3.172163289040327,0.7010802458971739,3.8951456169597805
initial,0,688128,56,0.750875629633665,0.0,88.0,2.3043210429605097,0.7009101321455091,3.022207918111235
initial,0,700416,57,0.750875629633665,0.0,88.0,2.9729102589190006,0.7121348620858043,3.6957942789886147
initial,0,712704,58,0.7674498371779919,0.0,88.0,3.153552060946822,0.716080954996869,3.8957668859511614
initial,0,724992,59,1.1384209290146827,0.0,88.0,2.9448936618864536,0.732099985005334,3.7307573871221393
initial,0,737280,60,1.1384209290146827,0.0,88.0,2.562933240784332,0.7170578050427139,3.301712687825784
initial,0,749568,61,1.2642664435505866,0.5,87.51,3.2972160920035094,0.7174107730388641,4.0249892140273005
initial,0,761856,62,1.2642664435505866,0.5,87.51,3.0999063248746097,0.7154365079477429,3.836894063046202
initial,0,774144,63,0.7835680788755417,0.0,88.0,2.720681677106768,0.7256464569363743,3.458159068133682
initial,0,786432,64,0.8140168517827988,0.0,88.0,3.0149980939459056,0.7171101521234959,3.7496468818280846
initial,0,798720,65,0.7821802026033402,0.0,88.0,3.2779067209921777,0.7152362391352654,4.040054179029539
initial,0,811008,66,1.3439263878762722,0.5,88.0,3.4059719629585743,0.7139261681586504,4.154208715073764
initial,0,823296,67,1.3439263878762722,0.5,88.0,2.4491257299669087,0.7147657840978354,3.1897530150599778
initial,0,835584,68,1.3225328348577023,0.0,88.0,3.265863118926063,0.7111096030566841,3.990484160836786
initial,0,847872,69,1.4314462680369615,0.3333333432674408,87.66,3.539700800087303,0.7118503509555012,4.327093827072531
initial,0,860160,70,0.8063315840810538,0.0,88.0,3.0509685419965535,0.7260060240514576,3.798148371046409
initial,0,872448,71,0.8063315840810538,0.0,88.0,2.7150660138577223,0.7135636049788445,3.4473036439158022
initial,0,884736,72,0.7826639500260353,0.0,88.0,3.5269452519714832,0.7135142718907446,4.264037417015061
initial,0,897024,73,0.9315099335461855,0.5,87.83,3.4334494720678777,0.7100148049648851,4.162151030031964
initial,0,909312,74,0.8724417512863875,0.0,88.0,2.824337603058666,0.7262690779753029,3.619735077023506
initial,0,921600,75,0.9032752614468336,0.0,88.0,3.089343818835914,0.7137307750526816,3.832467457978055
initial,0,933888,76,0.9271232228726148,0.0,88.0,3.4696189269889146,0.7174519540276378,4.2102938229218125
initial,0,946176,77,1.2923069926723838,0.2504940629005432,88.0,3.7109168050810695,0.716033241013065,4.4637078021187335
initial,0,958464,78,1.2923069926723838,0.2504940629005432,88.0,2.4999571959488094,0.7153134539257735,3.302215236937627
initial,0,970752,79,1.3022045954689383,0.0,88.0,3.2835330311208963,0.7168270889669657,4.013864387990907
initial,0,983040,80,1.4208339824900031,0.1666666716337204,87.84,3.884526410838589,0.7162512079812586,4.637115617049858
initial,0,995328,81,0.9254877293854952,0.6666666865348816,88.0,3.2985275289975107,0.7262961990199983,4.036168834893033
initial,0,1007616,82,0.9254877293854952,0.6666666865348816,88.0,2.737030633026734,0.7145526849199086,3.465942365117371
initial,0,1019904,83,1.106515403240919,0.25,87.68,3.673180755926296,0.7170606281142682,4.400695907883346
initial,0,1032192,84,1.1293566837906837,0.0,87.68,3.8294341089203954,0.7147960900329053,4.559961710125208
initial,0,1044480,85,0.8654885039385408,0.0,88.0,2.9586218611802906,0.7270453989040107,3.7115981748793274
initial,0,1056768,86,0.8602617706265301,0.0,88.0,3.0640779191162437,0.715267154853791,3.7986593761015683
initial,0,1069056,87,0.8835795049276203,0.0,88.0,3.588541086995974,0.7155028670094907,4.323506268905476
initial,0,1081344,88,1.1122551133669913,0.2222222238779068,88.0,4.268426975002512,0.7156128520146012,5.008510766085237
initial,0,1093632,89,1.1122551133669913,0.2222222238779068,88.0,2.501201862934977,0.7169841080904007,3.242061819881201
initial,0,1105920,90,1.2420362820662558,0.5,87.7,3.356468667043373,0.7146802020724863,4.083986893994734
initial,0,1118208,91,1.3433464020304382,0.0,87.7,4.009749163873494,0.7173104060348123,4.746116397203878
initial,0,1130496,92,1.0785670094937085,0.3333333432674408,88.0,3.627938874065876,0.7282605760265142,4.371831783792004
initial,0,1142784,93,1.0785670094937085,0.3333333432674408,88.0,2.7576536850538105,0.7170869868714362,3.4880406071897596
initial,0,1155072,94,1.1047514923661947,0.0,88.0,3.7807385991327465,0.7155805579386652,4.504782106960192
initial,0,1167360,95,1.5434713511914016,0.25,87.37,4.136903539998457,0.7082677681464702,4.859950378071517
initial,0,1179648,96,1.5289263205043973,0.0,88.0,3.2001128040719777,0.7264640610665083,3.942658614832908
initial,0,1191936,97,1.5456676803343,0.0,88.0,3.180230809142813,0.7165918108075857,3.9177589821629226
initial,0,1204224,98,1.708907081410289,0.20000000298023224,87.72,3.774855657014996,0.7187710609287024,4.509748697979376
initial,0,1216512,99,1.2284666528739034,0.40000003576278687,88.0,4.882076350972056,0.7125650260131806,5.612762787844986
initial,0,1228800,100,1.2284666528739034,0.40000003576278687,88.0,2.591521240072325,0.7128096029628068,3.3280327231623232
wrist,0,12288,1,,,,6.910133929923177,0.8365540271624923,7.746747857425362
wrist,0,24576,2,,,,2.476093000266701,0.40483662066981196,2.911369366571307
wrist,0,36864,3,,,,2.558725873939693,0.4035475170239806,2.9723841692321002
wrist,0,49152,4,-0.23729341270402074,0.0,88.0,2.498086185194552,0.4191378550603986,2.9348258660174906
wrist,0,61440,5,-0.23729341270402074,0.0,88.0,1.9318600739352405,0.4046959700062871,2.3466097158379853
wrist,0,73728,6,-0.23729341270402074,0.0,88.0,2.5579347969032824,0.4043237818405032,2.979844891000539
wrist,0,86016,7,-0.23729341270402074,0.0,88.0,2.5575664550997317,0.40495167300105095,2.971820724196732
wrist,0,98304,8,-0.1889933633059263,0.0,88.0,2.139335149899125,0.41610020818188787,2.5613552490249276
wrist,0,110592,9,-0.1889933633059263,0.0,88.0,2.200579486787319,0.4050281778909266,2.617670790757984
wrist,0,122880,10,-0.1889933633059263,0.0,88.0,2.5567922042682767,0.40461197309195995,2.969788215123117
wrist,0,135168,11,0.15669564075767994,0.0,88.0,2.6566299060359597,0.40444418182596564,3.070819287095219
wrist,0,147456,12,0.15669564075767994,0.0,88.0,1.7555655729956925,0.40267613995820284,2.1683374186977744
wrist,0,159744,13,0.15669564075767994,0.0,88.0,2.4771916000172496,0.4026009258814156,2.8852917263284326
wrist,0,172032,14,0.15669564075767994,0.0,88.0,2.5465958868153393,0.4033755692653358,2.9559389580972493
wrist,0,184320,15,0.0073900226503610614,0.0,88.0,2.4047599802725017,0.41591318789869547,2.827380389906466
wrist,0,196608,16,0.0073900226503610614,0.0,88.0,1.9374011256732047,0.4036447233520448,2.349801373668015
wrist,0,208896,17,0.0073900226503610614,0.0,88.0,2.557597361970693,0.40323142195120454,2.9652892351150513
wrist,0,221184,18,0.0073900226503610614,0.0,88.0,2.5477527529001236,0.40397337591275573,2.9610053999349475
wrist,0,233472,19,0.04651315480470657,0.0,88.0,2.129336391109973,0.4133584341034293,2.5482676052488387
wrist,0,245760,20,0.04651315480470657,0.0,88.0,2.203025557100773,0.4018352678976953,2.62326357094571
wrist,0,258048,21,0.04651315480470657,0.0,88.0,2.559680426027626,0.4019933259114623,2.9721072441898286
wrist,0,270336,22,0.3370083841308951,0.0,88.0,2.6791068660095334,0.40126935904845595,3.0903312489390373
wrist,0,282624,23,0.3370083841308951,0.0,88.0,1.7596201258711517,0.4023959799669683,2.175770528614521
wrist,0,294912,24,0.3370083841308951,0.0,88.0,2.4694691649638116,0.4019455537199974,2.883721260353923
wrist,0,307200,25,0.3370083841308951,0.0,88.0,2.5554241011850536,0.40068849781528115,2.9878125437535346
wrist,0,319488,26,0.42753483874723314,0.0,88.0,2.410305369179696,0.4144403478130698,2.842276817187667
wrist,0,331776,27,0.42753483874723314,0.0,88.0,1.9316405248828232,0.40186563413590193,2.344663456082344
wrist,0,344064,28,0.42753483874723314,0.0,88.0,2.5583225591108203,0.40087937423959374,2.9770240299403667
wrist,0,356352,29,0.42753483874723314,0.0,88.0,2.5632070670835674,0.40133983502164483,2.996273676864803
wrist,0,368640,30,0.25730617083609103,0.0,88.0,2.1357357599772513,0.41320978198200464,2.557923309970647
wrist,0,380928,31,0.25730617083609103,0.0,88.0,2.195259986910969,0.40207599895074964,2.614106514956802
wrist,0,393216,32,0.25730617083609103,0.0,88.0,2.555752754211426,0.4011337058618665,2.964261674322188
wrist,0,405504,33,0.5797596652060747,0.0,88.0,2.6653300980105996,0.4019690090790391,3.0741808097809553
wrist,0,417792,34,0.5797596652060747,0.0,88.0,1.7601235313341022,0.40179519774392247,2.1758557371795177
wrist,0,430080,35,0.5797596652060747,0.0,88.0,2.471977197099477,0.4021825301460922,2.881936342921108
wrist,0,442368,36,0.5797596652060747,0.0,88.0,2.5749372439458966,0.4020660752430558,2.983463939744979
wrist,0,454656,37,0.5732982785999775,0.0,88.0,2.42592728510499,0.414484032895416,2.8617015569470823
wrist,0,466944,38,0.5732982785999775,0.0,88.0,1.9296867731027305,0.40136275021359324,2.355775216128677
wrist,0,479232,39,0.5732982785999775,0.0,88.0,2.5638936669565737,0.4011874161660671,2.97140198526904
wrist,0,491520,40,0.5732982785999775,0.0,88.0,2.571815952192992,0.40038463193923235,2.9921922949142754
wrist,0,503808,41,0.5361168215796351,0.0,88.0,2.142858935985714,0.41209661215543747,2.5692495917901397
wrist,0,516096,42,0.5361168215796351,0.0,88.0,2.2008411991409957,0.4007432800717652,2.64831079589203
wrist,0,528384,43,0.5361168215796351,0.0,88.0,2.5762138892896473,0.4001889079809189,2.9848080771043897
wrist,0,540672,44,0.6544408613070846,0.5,88.0,3.0032187961041927,0.40207774192094803,3.412076969165355
wrist,0,552960,45,0.6544408613070846,0.5,88.0,1.7886466798372567,0.401488137897104,2.2080734688788652
wrist,0,565248,46,0.6544408613070846,0.5,88.0,2.476425340399146,0.4003451527096331,2.894533129874617
wrist,0,577536,47,0.6544408613070846,0.5,88.0,2.559093435294926,0.40238862903788686,2.975196188315749
wrist,0,589824,48,0.6219822038523852,0.0,88.0,2.712725129444152,0.4142910526134074,3.132971405982971
wrist,0,602112,49,0.6219822038523852,0.0,88.0,1.951708639971912,0.40061530796810985,2.364577098749578
wrist,0,614400,50,0.6219822038523852,0.0,88.0,2.546436447650194,0.4014210873283446,2.956624007318169
wrist,0,626688,51,0.6588215841166675,0.0,88.0,2.670288336928934,0.40134757570922375,3.082458247896284
wrist,0,638976,52,0.876577221378684,0.0,88.0,2.154953300021589,0.4118205481208861,2.618846444878727
wrist,0,651264,53,0.876577221378684,0.0,88.0,2.211682162247598,0.4017676366493106,2.6481433352455497
wrist,0,663552,54,0.876577221378684,0.0,88.0,2.5281469309702516,0.40002209786325693,2.9337213477119803
wrist,0,675840,55,0.908780435025692,0.0,88.0,2.780628484673798,0.40156710520386696,3.189447328913957
wrist,0,688128,56,0.908780435025692,0.0,88.0,1.7830878319218755,0.4001556276343763,2.223491028416902
wrist,0,700416,57,0.908780435025692,0.0,88.0,2.459705817978829,0.4006705707870424,2.876267157960683
wrist,0,712704,58,0.908780435025692,0.0,88.0,2.5332474620081484,0.4003435713239014,2.9419223610311747
wrist,0,724992,59,0.7827123785018921,0.0,88.0,2.500938924960792,0.411886977031827,2.920519162900746
wrist,0,737280,60,0.7827123785018921,0.0,88.0,1.9494007769972086,0.4012559298425913,2.3630850920453668
wrist,0,749568,61,0.7827123785018921,0.0,88.0,2.5286222542636096,0.4012232800014317,2.9395693810656667
wrist,0,761856,62,0.7732103434205055,0.0,88.0,2.6425643148832023,0.40080467192456126,3.066216432955116
wrist,0,774144,63,0.7901618332788348,0.001956947147846222,88.0,2.134408019017428,0.41214518528431654,2.563039625994861
wrist,0,786432,64,0.7901618332788348,0.001956947147846222,88.0,2.209113479126245,0.40112787671387196,2.6238605468533933
wrist,0,798720,65,0.7901618332788348,0.001956947147846222,88.0,2.5351765961386263,0.4006401849910617,2.9466127268970013
wrist,0,811008,66,0.7966623435169459,0.0,88.0,2.767074700910598,0.4008349282667041,3.1828389959409833
wrist,0,823296,67,0.7966623435169459,0.0,88.0,1.7731327069923282,0.4022668250836432,2.1895219180732965
wrist,0,835584,68,0.7966623435169459,0.0,88.0,2.47232762305066,0.40090904803946614,2.8830944900400937
wrist,0,847872,69,0.7966623435169459,0.0,88.0,2.5722355414181948,0.40120257856324315,2.9793150471523404
wrist,0,860160,70,0.8925496622920036,0.3333333432674408,88.0,2.634546787943691,0.41214725794270635,3.0546972416341305
wrist,0,872448,71,0.8925496622920036,0.3333333432674408,88.0,1.9704357329756021,0.40067874314263463,2.3843287704512477
wrist,0,884736,72,0.8925496622920036,0.3333333432674408,88.0,2.560568217653781,0.40111887315288186,2.9689148445613682
wrist,0,897024,73,0.8654966071248055,0.0,88.0,2.7896000831387937,0.4009920540265739,3.199146158993244
wrist,0,909312,74,1.032040423490107,0.0,88.0,2.162843727041036,0.41110566491261125,2.6134296990931034
wrist,0,921600,75,1.032040423490107,0.0,88.0,2.2365844300948083,0.40024281991645694,2.649045078083873
wrist,0,933888,76,1.3068665415421128,1.0,87.3,2.7854916700161994,0.40090250922366977,3.191471775993705
wrist,0,946176,77,0.7803353671450168,0.25,88.0,3.032186331693083,0.40101181296631694,3.4562086439691484
wrist,0,958464,78,0.7803353671450168,0.25,88.0,1.8630903488956392,0.40158067597076297,2.2815205110237002
wrist,0,970752,79,0.7835873560328036,0.0,88.0,2.5920913978479803,0.40162932919338346,3.00211652321741
wrist,0,983040,80,1.0430650202650578,0.5,87.53,3.0072288922965527,0.4020713516511023,3.433186837937683
wrist,0,995328,81,1.0503601782768965,0.0,88.0,2.664451349992305,0.4151866380125284,3.1093428088352084
wrist,0,1007616,82,1.0503601782768965,0.0,88.0,2.0348692648112774,0.40147454710677266,2.478792741894722
wrist,0,1019904,83,1.1803171490877866,0.5,87.68,2.7663261890411377,0.40184729592874646,3.1792531963437796
wrist,0,1032192,84,1.1327563074231148,0.0,87.68,3.226896037813276,0.40210416074842215,3.6518447496928275
wrist,0,1044480,85,1.1971589133888483,0.0,88.0,2.2384392619132996,0.4129091710783541,2.6719383210875094
wrist,0,1056768,86,1.1971589133888483,0.0,88.0,2.2839895952492952,0.4017335958778858,2.721424298826605
wrist,0,1069056,87,1.3502121619135141,0.20000000298023224,87.61,3.1093824482522905,0.4015856641344726,3.521291940007359
wrist,0,1081344,88,1.2630736662074924,0.1666666716337204,88.0,3.2279522330500185,0.4014820083975792,3.669098453130573
wrist,0,1093632,89,1.2630736662074924,0.1666666716337204,88.0,1.9112386982887983,0.40148910880088806,2.332810295280069
wrist,0,1105920,90,1.4068680379912257,0.5,87.59,2.6039947546087205,0.4005771800875664,3.029422595631331
wrist,0,1118208,91,1.7836216263845563,0.3125,87.04,3.41961351595819,0.4026911021210253,3.846938953269273
wrist,0,1130496,92,1.1603329639229925,0.5,88.0,3.23467039084062,0.4123309529386461,3.6795438528060913
wrist,0,1142784,93,1.1603329639229925,0.5,88.0,2.1248553786426783,0.4022958092391491,2.5829187082126737
wrist,0,1155072,94,1.233360524335876,0.25,87.58,2.9997226307168603,0.4010495003312826,3.4119982509873807
wrist,0,1167360,95,1.7840090681705625,0.2083333432674408,86.85,3.854347938206047,0.40135406656190753,4.279781247023493
wrist,0,1179648,96,0.93564755753614,0.30000001192092896,88.0,2.7145346221514046,0.4127690112218261,3.158595556858927
wrist,0,1191936,97,0.93564755753614,0.30000001192092896,88.0,2.3293064679019153,0.4021929451264441,2.759046017192304
wrist,0,1204224,98,1.32334571079351,0.25925925374031067,87.09,3.531361635774374,0.4027168210595846,3.950013871770352
wrist,0,1216512,99,1.2525547768175602,0.10013803094625473,88.0,4.1871757241897285,0.4041398949921131,4.617477807216346
wrist,0,1228800,100,1.390273730903864,1.0,87.74,2.1004480640403926,0.40194837702438235,2.5571598848327994
wrist_static,0,12288,1,,,,37.23048511892557,1.9152896921150386,39.14587098592892
wrist_static,0,24576,2,,,,2.736064936965704,0.73113550292328,3.5090756150893867
wrist_static,0,36864,3,,,,2.8304411582648754,0.7618692298419774,3.5998953860253096
wrist_static,0,49152,4,-0.3423142222221941,0.0,88.0,2.835628963075578,0.7863650587387383,3.628320042975247
wrist_static,0,61440,5,-0.3423142222221941,0.0,88.0,2.1556530008092523,0.721615344285965,2.9022487038746476
wrist_static,0,73728,6,-0.3423142222221941,0.0,88.0,2.7988722939044237,0.7224220200441778,3.531315382104367
wrist_static,0,86016,7,-0.3423142222221941,0.0,88.0,2.7959597050212324,0.7345245950855315,3.5383438928984106
wrist_static,0,98304,8,-0.22098784849047662,0.0,88.0,2.345079213846475,0.7819494511932135,3.1374038169160485
wrist_static,0,110592,9,-0.22098784849047662,0.0,88.0,2.424267638940364,0.7369953668676317,3.2418501381762326
wrist_static,0,122880,10,-0.22098784849047662,0.0,88.0,2.7685687448829412,0.7638330240733922,3.541076049208641
wrist_static,0,135168,11,0.12344653837382794,0.0,88.0,2.865659404080361,0.7575011537410319,3.6309464387595654
wrist_static,0,147456,12,0.12344653837382794,0.0,88.0,1.9074685261584818,0.7467285832390189,2.6734635680913925
wrist_static,0,159744,13,0.12344653837382794,0.0,88.0,2.6509376568719745,0.7598187662661076,3.416336389724165
wrist_static,0,172032,14,0.12344653837382794,0.0,88.0,2.7207076819613576,0.7597997570410371,3.486562132369727
wrist_static,0,184320,15,0.008365764245390893,0.0,88.0,2.5620684060268104,0.7547507300041616,3.326787785626948
wrist_static,0,196608,16,0.008365764245390893,0.0,88.0,2.08941862359643,0.7673420622013509,2.867596091236919
wrist_static,0,208896,17,0.008365764245390893,0.0,88.0,2.702729464042932,0.7333402801305056,3.4441268937662244
wrist_static,0,221184,18,0.008365764245390893,0.0,88.0,2.706148494966328,0.7239354499615729,3.435852767433971
wrist_static,0,233472,19,-0.01559548307210207,0.0,88.0,2.285099651198834,0.7493093120865524,3.0406405106186867
wrist_static,0,245760,20,-0.01559548307210207,0.0,88.0,2.3372241090983152,0.7521352493204176,3.1008218079805374
wrist_static,0,258048,21,-0.01559548307210207,0.0,88.0,2.691171337850392,0.7454131310805678,3.4450376462191343
wrist_static,0,270336,22,0.19715462476015091,0.0,88.0,2.790441191289574,0.7424076120369136,3.5396090587601066
wrist_static,0,282624,23,0.19715462476015091,0.0,88.0,1.8882296280935407,0.7487595230340958,2.6571098770946264
wrist_static,0,294912,24,0.19715462476015091,0.0,88.0,2.590521377045661,0.7522376328706741,3.34795189416036
wrist_static,0,307200,25,0.19715462476015091,0.0,88.0,2.6685083308257163,0.755513169337064,3.431975936051458
wrist_static,0,319488,26,0.16189531683921815,0.0,88.0,2.5240839440375566,0.7784205540083349,3.3134588128887117
wrist_static,0,331776,27,0.16189531683921815,0.0,88.0,2.058916616253555,0.7638081666082144,2.8424324970692396
wrist_static,0,344064,28,0.16189531683921815,0.0,88.0,2.645307693630457,0.7494492619298398,3.4040707289241254
wrist_static,0,356352,29,0.16189531683921815,0.0,88.0,2.629140335135162,0.7703287820331752,3.4081666418351233
wrist_static,0,368640,30,0.14812950287014245,0.0,88.0,2.254811255261302,0.7795265298336744,3.0483614951372147
wrist_static,0,380928,31,0.14812950287014245,0.0,88.0,2.313259811140597,0.7491800361312926,3.0847772331908345
wrist_static,0,393216,32,0.14812950287014245,0.0,88.0,2.628626210615039,0.7615029229782522,3.403082139790058
wrist_static,0,405504,33,0.2737391286343336,0.0,88.0,2.7356666210107505,0.7241738690063357,3.47194796288386
wrist_static,0,417792,34,0.2737391286343336,0.0,88.0,1.8849538820795715,0.7226862679235637,2.6233377223834395
wrist_static,0,430080,35,0.2737391286343336,0.0,88.0,2.566265459638089,0.7229197500273585,3.29917459981516
wrist_static,0,442368,36,0.2737391286343336,0.0,88.0,2.6315798298455775,0.7650859332643449,3.4060751600190997
wrist_static,0,454656,37,0.12071555592119694,0.0,88.0,2.488272074609995,0.7606128831394017,3.2612084159627557
wrist_static,0,466944,38,0.12071555592119694,0.0,88.0,2.0541687519289553,0.7672147103585303,2.843911956064403
wrist_static,0,479232,39,0.12071555592119694,0.0,88.0,2.6223299326375127,0.7617944632656872,3.3932452690787613
wrist_static,0,491520,40,0.12071555592119694,0.0,88.0,2.6100660758093,0.7320147631689906,3.3531252196989954
wrist_static,0,503808,41,0.3075831050053239,0.0,88.0,2.249016362708062,0.784132581204176,3.039683659095317
wrist_static,0,516096,42,0.3075831050053239,0.0,88.0,2.3054261365905404,0.7649032170884311,3.0894535002298653
wrist_static,0,528384,43,0.3075831050053239,0.0,88.0,2.619809695985168,0.7240660367533565,3.350039158947766
wrist_static,0,540672,44,0.5002245121449233,0.0,88.0,2.723743157926947,0.7194279311224818,3.45217953203246
wrist_static,0,552960,45,0.5002245121449233,0.0,88.0,1.8803852540440857,0.7222800492309034,2.619994131848216
wrist_static,0,565248,46,0.5002245121449233,0.0,88.0,2.5596229410730302,0.7197965160012245,3.2871196190826595
wrist_static,0,577536,47,0.5002245121449233,0.0,88.0,2.623324990272522,0.7601329619064927,3.392441757954657
wrist_static,0,589824,48,0.6257290914282203,0.0,88.0,2.4966153069399297,0.7878174930810928,3.2929500928148627
wrist_static,0,602112,49,0.6257290914282203,0.0,88.0,2.0655385041609406,0.7280324259772897,2.8088384540751576
wrist_static,0,614400,50,0.6257290914282203,0.0,88.0,2.6334043070673943,0.7600631359964609,3.4095690031535923
wrist_static,0,626688,51,0.6257290914282203,0.0,88.0,2.6237941179424524,0.7583222030662,3.392578513827175
wrist_static,0,638976,52,0.49747607186436654,0.0,88.0,2.2516527622938156,0.7654911037534475,3.043391764163971
wrist_static,0,651264,53,0.49747607186436654,0.0,88.0,2.3185571478679776,0.766457729972899,3.1193360700272024
wrist_static,0,663552,54,0.49747607186436654,0.0,88.0,2.6295260740444064,0.7612058273516595,3.400440157856792
wrist_static,0,675840,55,0.5728321117348969,0.0,88.0,2.7366036870516837,0.7375532402656972,3.4832024769857526
wrist_static,0,688128,56,0.5728321117348969,0.0,88.0,1.876795485150069,0.7230421672575176,2.6406579962931573
wrist_static,0,700416,57,0.5728321117348969,0.0,88.0,2.556600948330015,0.7373612616211176,3.3016742896288633
wrist_static,0,712704,58,0.5728321117348969,0.0,88.0,2.616152403410524,0.7535099028609693,3.3776291492395103
wrist_static,0,724992,59,0.6098034451901913,0.0,88.0,2.495400325860828,0.7635702309198678,3.273002468980849
wrist_static,0,737280,60,0.6098034451901913,0.0,88.0,2.05893093906343,0.7632430265657604,2.8483266797848046
wrist_static,0,749568,61,0.6098034451901913,0.0,88.0,2.6540747708640993,0.7591637307778001,3.4191702092066407
wrist_static,0,761856,62,0.6098034451901913,0.0,88.0,2.632896041031927,0.7458262359723449,3.3869830328039825
wrist_static,0,774144,63,0.8782865208387375,0.0,88.0,2.249609644059092,0.7772521851584315,3.0357244219630957
wrist_static,0,786432,64,0.8782865208387375,0.0,88.0,2.3063027639873326,0.7571789701469243,3.0905218860134482
wrist_static,0,798720,65,0.8782865208387375,0.0,88.0,2.633420091122389,0.7522732992656529,3.392053171992302
wrist_static,0,811008,66,0.7275411531329155,0.0,88.0,2.7429401939734817,0.7596045350655913,3.5091120549477637
wrist_static,0,823296,67,0.7275411531329155,0.0,88.0,1.8793575861491263,0.7199156959541142,2.629250177182257
wrist_static,0,835584,68,0.7275411531329155,0.0,88.0,2.5523631633259356,0.7285236646421254,3.2940080780535936
wrist_static,0,847872,69,0.7275411531329155,0.0,88.0,2.620080151129514,0.7309672981500626,3.357123823836446
wrist_static,0,860160,70,0.9349748309329152,0.0,88.0,2.4969607680104673,0.7856080452911556,3.3107229322195053
wrist_static,0,872448,71,0.9349748309329152,0.0,88.0,2.0593347968533635,0.7300500660203397,2.809266227763146
wrist_static,0,884736,72,0.9349748309329152,0.0,88.0,2.6513108974322677,0.7648223168216646,3.4238713830709457
wrist_static,0,897024,73,0.9349748309329152,0.0,88.0,2.6404402777552605,0.7300814730115235,3.381772492080927
wrist_static,0,909312,74,0.6214119999483227,0.0,88.0,2.240097912028432,0.7596886218525469,3.023355525918305
wrist_static,0,921600,75,0.6214119999483227,0.0,88.0,2.304966279771179,0.7251318753696978,3.0649365461431444
wrist_static,0,933888,76,0.6214119999483227,0.0,88.0,2.6381142139434814,0.7570983590558171,3.408452250994742
wrist_static,0,946176,77,0.8410417488962412,0.0,88.0,2.7463272879831493,0.75991240888834,3.521280868910253
wrist_static,0,958464,78,0.8410417488962412,0.0,88.0,1.8910026410594583,0.7620367901399732,2.682048698887229
wrist_static,0,970752,79,0.8410417488962412,0.0,88.0,2.5783884236589074,0.737702826038003,3.329528246074915
wrist_static,0,983040,80,0.8410417488962412,0.0,88.0,2.651777910068631,0.7198145538568497,3.3801757069304585
wrist_static,0,995328,81,0.9919191070273519,0.0,88.0,2.5180723457597196,0.7382368603721261,3.271186212077737
wrist_static,0,1007616,82,0.9919191070273519,0.0,88.0,2.060166399925947,0.7623459449969232,2.8488501282408834
wrist_static,0,1019904,83,0.9919191070273519,0.0,88.0,2.6556536396965384,0.7592525542713702,3.4275459898635745
wrist_static,0,1032192,84,0.9919191070273519,0.0,88.0,2.6496059680357575,0.7439648206345737,3.4061643229797482
wrist_static,0,1044480,85,1.1768927373737097,0.0,88.0,2.2496662391349673,0.7524659191258252,3.0206304201856256
wrist_static,0,1056768,86,1.1768927373737097,0.0,88.0,2.3202838483266532,0.7208387269638479,3.06356352660805
wrist_static,0,1069056,87,1.1768927373737097,0.0,88.0,2.6485161860473454,0.724412611220032,3.386062566190958
wrist_static,0,1081344,88,0.9304057306051254,0.0,88.0,2.7610639110207558,0.7216152269393206,3.4924368811771274
wrist_static,0,1093632,89,0.9304057306051254,0.0,88.0,1.8792506936006248,0.7272287453524768,2.633974665775895
wrist_static,0,1105920,90,0.9304057306051254,0.0,88.0,2.571583522018045,0.7378138029016554,3.317136565223336
wrist_static,0,1118208,91,0.9304057306051254,0.0,88.0,2.647231169976294,0.7258205018006265,3.3838322958908975
wrist_static,0,1130496,92,1.0138360609486698,0.0,88.0,2.5180476787500083,0.7423042492009699,3.271823682822287
wrist_static,0,1142784,93,1.0138360609486698,0.0,88.0,2.055829265154898,0.7301498255692422,2.8002238031476736
wrist_static,0,1155072,94,1.0138360609486698,0.0,88.0,2.6659590769559145,0.7218397650867701,3.396489436738193
wrist_static,0,1167360,95,1.2600889434292912,1.0,87.68,3.074258130043745,0.7249890598468482,3.8107548290863633
wrist_static,0,1179648,96,1.2637020202726126,0.5,88.0,2.378171458374709,0.7450635968707502,3.141484020277858
wrist_static,0,1191936,97,1.2637020202726126,0.5,88.0,2.330836778972298,0.721886825747788,3.0798657899722457
wrist_static,0,1204224,98,1.2637020202726126,0.5,88.0,2.6720478306524456,0.7234377833083272,3.4091699118725955
wrist_static,0,1216512,99,1.108102556541562,0.20000000298023224,88.0,3.430047237779945,0.718694866169244,4.1644141068682075
wrist_static,0,1228800,100,1.108102556541562,0.20000000298023224,88.0,1.910121938213706,0.7215029378421605,2.6561730322428048
