case,iteration,transitions,wall_seconds,transitions_per_second,train/Train/mean_reward,train/Episode_Metrics/success_rate,train/Loss/diagnostic_episode_weighted_success,train/Loss/diagnostic_completed_episodes,train/Loss/diagnostic_successes,train/Loss/learning_rate,train/Loss/diagnostic_kl,train/Loss/diagnostic_clip_fraction,train/Loss/diagnostic_action_std_0,train/Loss/diagnostic_action_std_1,train/Loss/diagnostic_action_std_2
fixed_lr,1,12288,105.75053102103993,1449.2067056599092,,,,0,0,0.0001,0.0037674757186323404,0.0302734375,0.399802565574646,0.3996257781982422,0.3999110460281372
fixed_lr,2,24576,109.32166495965794,3440.9238665395287,,,,0,0,0.0001,0.005850583780556917,0.0717366635799408,0.39897510409355164,0.3982144892215729,0.3996969163417816
fixed_lr,3,36864,112.97380439797416,3364.6031887723407,,,,0,0,0.0001,0.003080603899434209,0.0252482108771801,0.39791402220726013,0.3973410129547119,0.3993835747241974
fixed_lr,4,49152,116.53138386271894,3454.033879431995,-0.30409635215997693,0.0,0.0,512.0,0.0,0.0001,0.0028380481526255608,0.0247599296271801,0.39712026715278625,0.39802998304367065,0.4007148742675781
fixed_lr,5,61440,119.4615967660211,4193.551938206336,-0.30409635215997693,0.0,0.0,0,0,0.0001,0.002993493340909481,0.0251871757209301,0.3950214982032776,0.3969045579433441,0.40045639872550964
fixed_lr,6,73728,123.07409677701071,3401.5224810016903,-0.30409635215997693,0.0,0.0,0,0,0.0001,0.0034326151944696903,0.0373942069709301,0.3938703238964081,0.39484307169914246,0.40121662616729736
fixed_lr,7,86016,126.6674106856808,3419.684534198641,-0.30409635215997693,0.0,0.0,0,0,0.0001,0.002101109828799963,0.0154215507209301,0.3922409117221832,0.3927200138568878,0.40087535977363586
fixed_lr,8,98304,129.82157312473282,3895.804429049368,-0.12530091449618339,0.0,0.0,512.0,0.0,0.0001,0.0026636444963514805,0.02439371682703495,0.38989293575286865,0.39167314767837524,0.40109479427337646
fixed_lr,9,110592,133.032290245872,3827.182382121597,-0.12530091449618339,0.0,0.0,0,0,0.0001,0.0034865103662014008,0.0339558944106102,0.38814693689346313,0.38911929726600647,0.40124043822288513
fixed_lr,10,122880,136.60973073076457,3434.857980696493,-0.12530091449618339,0.0,0.0,0,0,0.0001,0.0035691061057150364,0.0381266288459301,0.3868781626224518,0.38734063506126404,0.40188586711883545
fixed_lr,11,135168,140.3053820799105,3324.988977339491,-0.0008642163872718811,0.0,0.0,512.0,0.0,0.0001,0.0027199634350836277,0.02618408203125,0.38606756925582886,0.3855550289154053,0.4016239643096924
fixed_lr,12,147456,143.00535468477756,4551.157288725521,-0.0008642163872718811,0.0,0.0,0,0,0.0001,0.0025673473719507456,0.019775390625,0.38504111766815186,0.3853919208049774,0.4009245038032532
fixed_lr,13,159744,146.42623737081885,3592.0553634126186,-0.0008642163872718811,0.0,0.0,0,0,0.0001,0.0032001957297325134,0.03106689453125,0.38489192724227905,0.3841392397880554,0.4000621736049652
fixed_lr,14,172032,149.91993791097775,3517.1875376133776,-0.0008642163872718811,0.0,0.0,0,0,0.0001,0.003465288318693638,0.0341593436896801,0.38391587138175964,0.38429009914398193,0.4002990126609802
fixed_lr,15,184320,153.2687633507885,3669.346229254163,0.1137763225287199,0.0,0.0,512.0,0.0,0.0001,0.003318415954709053,0.0323486328125,0.38318583369255066,0.38272202014923096,0.3990263342857361
fixed_lr,16,196608,156.1814084840007,4218.845564082909,0.1137763225287199,0.0,0.0,0,0,0.0001,0.0030265580862760544,0.02652994729578495,0.3838307857513428,0.3817208707332611,0.39793556928634644
fixed_lr,17,208896,159.62957633379847,3563.6316256242353,0.1137763225287199,0.0,0.0,0,0,0.0001,0.004109586589038372,0.0417887382209301,0.38337600231170654,0.38102251291275024,0.3976293206214905
fixed_lr,18,221184,163.15101533103734,3489.482569379989,0.1137763225287199,0.0,0.0,0,0,0.0001,0.0036427187733352184,0.0336710624396801,0.38306742906570435,0.37995439767837524,0.39777231216430664
fixed_lr,19,233472,166.22648694366217,3995.4847736385236,0.09537818681448698,0.0,0.0,512.0,0.0,0.0001,0.0037552020512521267,0.0395914763212204,0.3842320442199707,0.37801429629325867,0.3976244032382965
fixed_lr,20,245760,169.31530646793544,3978.2188319633424,0.09537818681448698,0.0,0.0,0,0,0.0001,0.003976327832788229,0.0399983748793602,0.3843269944190979,0.37661945819854736,0.3973102569580078
fixed_lr,21,258048,172.82371749682352,3502.4402496803364,0.09537818681448698,0.0,0.0,0,0,0.0001,0.0030090685468167067,0.02020263858139515,0.3833775818347931,0.3754326105117798,0.3972366154193878
fixed_lr,22,270336,176.4532879278995,3385.524605003245,0.3555927899479866,0.0,0.0,512.0,0.0,0.0001,0.0038180025294423103,0.0370076522231102,0.3835280239582062,0.37401077151298523,0.39769741892814636
fixed_lr,23,282624,179.1373442839831,4578.145303152219,0.3555927899479866,0.0,0.0,0,0,0.0001,0.003040173090994358,0.02598063088953495,0.38287651538848877,0.37359097599983215,0.39854735136032104
fixed_lr,24,294912,182.50835128687322,3645.20156424029,0.3555927899479866,0.0,0.0,0,0,0.0001,0.003507272806018591,0.0331014022231102,0.3824768662452698,0.373962938785553,0.3993925452232361
fixed_lr,25,307200,186.04290988203138,3476.5302849506597,0.3555927899479866,0.0,0.0,0,0,0.0001,0.0032079312950372696,0.02648925967514515,0.3827323615550995,0.3732073903083801,0.4006674885749817
fixed_lr,26,319488,189.4498011949472,3606.807165645433,0.303120456263423,0.0,0.0,512.0,0.0,0.0001,0.004750437568873167,0.0551147498190403,0.381102591753006,0.3715328276157379,0.3997495472431183
fixed_lr,27,331776,192.29725400079042,4315.43587826426,0.303120456263423,0.0,0.0,0,0,0.0001,0.003163978923112154,0.0295410193502903,0.38008397817611694,0.3711037039756775,0.39940711855888367
fixed_lr,28,344064,195.7505664336495,3558.3226941984003,0.303120456263423,0.0,0.0,0,0,0.0001,0.003055817913264036,0.02459716983139515,0.3801589608192444,0.3702852725982666,0.3995150029659271
fixed_lr,29,356352,199.29187579685822,3469.903004708429,0.303120456263423,0.0,0.0,0,0,0.0001,0.0025912460405379534,0.0237833671271801,0.3799688220024109,0.3690507709980011,0.39927804470062256
fixed_lr,30,368640,202.41530691087246,3934.1351070193587,0.3882952408120036,0.0,0.0,512.0,0.0,0.0001,0.0055692242458462715,0.0668741911649704,0.37888920307159424,0.3673829138278961,0.39745670557022095
fixed_lr,31,380928,205.59956064866856,3858.9889537210165,0.3882952408120036,0.0,0.0,0,0,0.0001,0.0035733135882765055,0.0370890311896801,0.3782965838909149,0.3655453324317932,0.39786678552627563
fixed_lr,32,393216,209.11801963998005,3492.43803333905,0.3882952408120036,0.0,0.0,0,0,0.0001,0.0026749414391815662,0.0207926444709301,0.37665554881095886,0.3641362488269806,0.3974873423576355
fixed_lr,33,405504,212.94174401368946,3213.6207527111483,0.45545540750026703,0.5,0.001953125,512.0,1.0,0.0001,0.004387169145047665,0.0415852889418602,0.3750905692577362,0.36275187134742737,0.39652857184410095
fixed_lr,34,417792,215.69953001104295,4455.748202286966,0.45545540750026703,0.5,0.001953125,0,0,0.0001,0.003284083679318428,0.028076171875,0.3743683993816376,0.3626188337802887,0.39677995443344116
fixed_lr,35,430080,219.23016016790643,3480.3985277563984,0.45545540750026703,0.5,0.001953125,0,0,0.0001,0.005030956584960222,0.0564575232565403,0.3726203441619873,0.36236709356307983,0.3966871500015259
fixed_lr,36,442368,222.75060056895018,3490.4723841814916,0.45545540750026703,0.5,0.001953125,0,0,0.0001,0.004754781723022461,0.0506998710334301,0.37187430262565613,0.361934632062912,0.39657822251319885
fixed_lr,37,454656,226.49816714879125,3278.9277356937832,0.6648779179900884,0.3333333432674408,0.001953125,512.0,1.0,0.0001,0.003453252837061882,0.03436279296875,0.3701142966747284,0.36044397950172424,0.3957180976867676
fixed_lr,38,466944,229.3505918676965,4307.913866598426,0.6648779179900884,0.3333333432674408,0.001953125,0,0,0.0001,0.003804790088906884,0.0352783203125,0.36924809217453003,0.3598935604095459,0.3953651487827301
fixed_lr,39,479232,232.77390920789912,3589.5007032192525,0.6648779179900884,0.3333333432674408,0.001953125,0,0,0.0001,0.003494812874123454,0.0367228202521801,0.3681316077709198,0.35923853516578674,0.39532890915870667
fixed_lr,40,491520,236.44442550791427,3347.7579162226516,0.6927577988058329,0.0,0.0,2.0,0.0,0.0001,0.0035296278074383736,0.0325724296271801,0.3691180348396301,0.35765618085861206,0.39531874656677246
fixed_lr,41,503808,239.50211256183684,4018.723886159736,0.6168181298673153,0.0,0.0,510.0,0.0,0.0001,0.003975436091423035,0.0451863631606102,0.3693870007991791,0.35490313172340393,0.39483699202537537
fixed_lr,42,516096,242.58980873180553,3979.6661729591697,0.6168181298673153,0.0,0.0,0,0,0.0001,0.00428239069879055,0.04608154296875,0.3683570325374603,0.35334452986717224,0.3952644467353821
fixed_lr,43,528384,245.99361389689147,3610.0773704800886,0.6168181298673153,0.0,0.0,0,0,0.0001,0.0046341996639966965,0.0496012382209301,0.3660242259502411,0.3518294394016266,0.3943101167678833
fixed_lr,44,540672,249.76569413905963,3257.618929372766,0.5781906007230282,0.0,0.0,512.0,0.0,0.0001,0.0033775295596569777,0.03100586123764515,0.3655642569065094,0.35017311573028564,0.3919922709465027
fixed_lr,45,552960,252.42163371667266,4626.611276693125,0.5781906007230282,0.0,0.0,0,0,0.0001,0.0037916081491857767,0.0323079451918602,0.36520224809646606,0.34991779923439026,0.3910961151123047
fixed_lr,46,565248,255.76669236272573,3673.4781958154726,0.5781906007230282,0.0,0.0,0,0,0.0001,0.004645032808184624,0.0502929724752903,0.36380261182785034,0.3487052619457245,0.39164015650749207
fixed_lr,47,577536,259.41728292265907,3366.0307279774474,0.8540367592871189,1.0,1.0,2.0,2.0,0.0001,0.0033914088271558285,0.0320027694106102,0.36376944184303284,0.3473884165287018,0.3909327983856201
fixed_lr,48,589824,262.9773925859481,3451.5790697996695,0.7098007812350988,0.0,0.0,510.0,0.0,0.0001,0.003937947563827038,0.0407918319106102,0.3622894585132599,0.34587812423706055,0.38956746459007263
fixed_lr,49,602112,265.861082745716,4261.206759116302,0.7098007812350988,0.0,0.0,0,0,0.0001,0.0031016592402011156,0.03000895492732525,0.3616543412208557,0.3454807698726654,0.39036980271339417
fixed_lr,50,614400,269.5196408899501,3358.7002079947424,0.7489321496337652,0.0,0.0,2.0,0.0,0.0001,0.0035882447846233845,0.0361735075712204,0.36040985584259033,0.34458857774734497,0.3898155689239502
fixed_lr,51,626688,273.1591482660733,3376.2811089804964,0.7388466543704272,0.0,0.0,2.0,0.0,0.0001,0.004948866553604603,0.0544637069106102,0.3595319986343384,0.34324994683265686,0.3889053165912628
fixed_lr,52,638976,276.3650013366714,3832.989138740381,0.7855856175348163,0.5,0.001968503937007874,508.0,1.0,0.0001,0.004084310028702021,0.0442708358168602,0.35880401730537415,0.34294211864471436,0.3883991241455078
fixed_lr,53,651264,279.4967872989364,3923.6397851125867,0.7855856175348163,0.5,0.001968503937007874,0,0,0.0001,0.003361814422532916,0.0329793319106102,0.3574742376804352,0.3419376313686371,0.3874070346355438
fixed_lr,54,663552,283.3248662739061,3209.965123589779,0.945246473364532,0.3333333432674408,0.3333333333333333,3.0,1.0,0.0001,0.002962931990623474,0.0257771834731102,0.3552212715148926,0.33988386392593384,0.3872651159763336
fixed_lr,55,675840,287.12744795298204,3231.488771856187,0.8022725899424404,0.0,0.0,509.0,0.0,0.0001,0.0032779891043901443,0.0323282890021801,0.3531315326690674,0.33937132358551025,0.38602516055107117
fixed_lr,56,688128,289.8627790948376,4492.326289848835,0.8022725899424404,0.0,0.0,0,0,0.0001,0.003853056114166975,0.0352783203125,0.352181613445282,0.33829426765441895,0.3860641121864319
fixed_lr,57,700416,293.2552062496543,3622.1853673565447,0.8022725899424404,0.0,0.0,0,0,0.0001,0.0033593904227018356,0.0332438163459301,0.35139501094818115,0.33603882789611816,0.38581427931785583
fixed_lr,58,712704,297.0455892398022,3241.8887568721557,0.8129445154871792,0.0,0.0,3.0,0.0,0.0001,0.003648110432550311,0.0317179374396801,0.3510599136352539,0.3356257677078247,0.384796679019928
fixed_lr,59,724992,300.6412754789926,3417.4283245489046,0.7868356974050402,0.0,0.0,509.0,0.0,0.0001,0.0034035099670290947,0.0302327498793602,0.3508392870426178,0.3350474536418915,0.38260817527770996
fixed_lr,60,737280,303.55766126606613,4213.434331790007,0.7868356974050402,0.0,0.0,0,0,0.0001,0.004064260981976986,0.0445353239774704,0.35082313418388367,0.3340012729167938,0.38163506984710693
fixed_lr,61,749568,307.34236735571176,3246.751454126936,0.8601894648000598,0.0,0.0,3.0,0.0,0.0001,0.004453225061297417,0.04937744140625,0.34950879216194153,0.33176907896995544,0.3824494481086731
fixed_lr,62,761856,310.9023849708028,3451.668314198975,0.8482616097852588,0.0,0.0,1.0,0.0,0.0001,0.005368796177208424,0.0605672188103199,0.3470865786075592,0.3309663236141205,0.38175830245018005
fixed_lr,63,774144,314.1452375277877,3789.256459882066,0.8547420944273472,0.0,0.0,508.0,0.0,0.0001,0.0032265265472233295,0.0298868827521801,0.3462532162666321,0.3312292993068695,0.38146308064460754
fixed_lr,64,786432,317.28801139397547,3909.921783492962,0.8547420944273472,0.0,0.0,0,0,0.0001,0.004840669687837362,0.0551350936293602,0.3462272584438324,0.32963964343070984,0.38136985898017883
fixed_lr,65,798720,321.08714774483815,3234.4193166980504,0.9007187324762345,0.0,0.0,3.0,0.0,0.0001,0.0040935929864645,0.03790283203125,0.34653350710868835,0.32744306325912476,0.3810633420944214
fixed_lr,66,811008,325.0468542338349,3103.2603133959465,1.0696025031805039,0.25,0.0019646365422396855,509.0,1.0,0.0001,0.0035164370201528072,0.0325724259018898,0.346591591835022,0.32607096433639526,0.38017892837524414
fixed_lr,67,823296,327.8441368849017,4392.834594428207,1.0696025031805039,0.25,0.0019646365422396855,0,0,0.0001,0.004065855406224728,0.0414021834731102,0.345833957195282,0.3252963721752167,0.3806716799736023
fixed_lr,68,835584,331.28245597006753,3573.8393370803888,1.0696025031805039,0.25,0.0019646365422396855,0,0,0.0001,0.003973507322371006,0.0415445975959301,0.3458525240421295,0.3247530162334442,0.3802843391895294
fixed_lr,69,847872,335.1633581840433,3166.2740575500275,1.0984684121608734,0.0,0.0,3.0,0.0,0.0001,0.004324013367295265,0.0436197891831398,0.3461558222770691,0.3250800371170044,0.38120919466018677
fixed_lr,70,860160,339.05241324799135,3159.6364150024774,1.0697110561281442,0.0,0.0,509.0,0.0,0.0001,0.0035706839989870787,0.0371500700712204,0.3462812304496765,0.32461798191070557,0.38109010457992554
fixed_lr,71,872448,342.06313763698563,4081.409791251191,1.0697110561281442,0.0,0.0,0,0,0.0001,0.003439878346398473,0.0309244804084301,0.3454471826553345,0.32389751076698303,0.38207900524139404
fixed_lr,72,884736,345.91466501168907,3190.4226049921717,1.0735035756975413,0.0,0.0,3.0,0.0,0.0001,0.0038045751862227917,0.03973388671875,0.34506145119667053,0.32293906807899475,0.38237252831459045
fixed_lr,73,897024,349.64932544576004,3290.2589718459194,1.094622392207384,0.0,0.0,1.0,0.0,0.0001,0.003560400567948818,0.0335286483168602,0.3451184928417206,0.3227236270904541,0.38238033652305603
fixed_lr,74,909312,353.0512465359643,3612.0767278767676,1.0645801087841391,0.0,0.0,508.0,0.0,0.0001,0.00280168978497386,0.0216471366584301,0.34492576122283936,0.321211040019989,0.3819178342819214
fixed_lr,75,921600,356.2532254359685,3837.626787604367,1.0645801087841391,0.0,0.0,0,0,0.0001,0.004225230775773525,0.0456746406853199,0.3447616398334503,0.32117071747779846,0.38096365332603455
fixed_lr,76,933888,360.3725717277266,2982.997575267102,1.3282188087329267,0.4000000059604645,0.4,5.0,2.0,0.0001,0.004017875995486975,0.0417277030646801,0.3428739309310913,0.32186225056648254,0.3803146481513977
fixed_lr,77,946176,364.5629047206603,2932.463844931106,1.2909161682985724,0.20000000298023224,0.0019723865877712033,507.0,1.0,0.0001,0.003556621028110385,0.0324503593146801,0.34044575691223145,0.3200052082538605,0.37952640652656555
fixed_lr,78,958464,367.40323925577104,4326.250956745454,1.2909161682985724,0.20000000298023224,0.0019723865877712033,0,0,0.0001,0.003228281158953905,0.0292358435690403,0.3390176594257355,0.31919506192207336,0.3785628378391266
fixed_lr,79,970752,371.0087694777176,3408.0979061565067,1.4390816326998175,1.0,1.0,1.0,1.0,0.0001,0.004884694702923298,0.0598348006606102,0.33698493242263794,0.31899410486221313,0.37917768955230713
fixed_lr,80,983040,375.33240825263783,2842.0505596531107,1.6038880104385316,0.0833333358168602,0.14285714285714285,7.0,1.0,0.0001,0.004102466627955437,0.04180908203125,0.33730289340019226,0.3189612925052643,0.3782155215740204
fixed_lr,81,995328,379.30796638689935,3090.886759798964,0.989179166406393,0.20000000298023224,0.001984126984126984,504.0,1.0,0.0001,0.003919870592653751,0.0423177070915699,0.33554160594940186,0.3183276057243347,0.3791705369949341
fixed_lr,82,1007616,382.3750650687143,4006.3921232324105,0.989179166406393,0.20000000298023224,0.001984126984126984,0,0,0.0001,0.004589742980897427,0.0497843436896801,0.33462435007095337,0.3167220950126648,0.38035693764686584
fixed_lr,83,1019904,386.3452185196802,3095.0944722326803,0.9665796908736229,0.0,0.0,5.0,0.0,0.0001,0.0039058239199221134,0.03887939453125,0.3342325687408447,0.31756722927093506,0.38098132610321045
fixed_lr,84,1032192,390.8670525276102,2717.4814419216505,1.4263598749786615,0.375,0.375,8.0,3.0,0.0001,0.005953100975602865,0.0730183944106102,0.33409714698791504,0.31865033507347107,0.3819447457790375
fixed_lr,85,1044480,394.5381768536754,3347.2034473892727,1.2028287157416344,0.375,0.004008016032064128,499.0,2.0,0.0001,0.003996331710368395,0.0415649451315403,0.3338659405708313,0.3179534673690796,0.38150814175605774
fixed_lr,86,1056768,397.8926232960075,3663.1975532323563,1.2040072038769722,0.0,0.0,1.0,0.0,0.0001,0.005303509533405304,0.0607299841940403,0.3339247703552246,0.3160490393638611,0.38104185461997986
fixed_lr,87,1069056,402.13810129789636,2894.373730009433,1.239425783455372,0.0,0.0,7.0,0.0,0.0001,0.004958075471222401,0.0582275390625,0.3331432342529297,0.3166387975215912,0.3813498318195343
fixed_lr,88,1081344,406.8743003960699,2594.485524212602,1.0966399460472167,0.10000000149011612,0.001984126984126984,504.0,1.0,0.0001,0.005339081399142742,0.0638631209731102,0.33255133032798767,0.3175739049911499,0.3811562657356262
fixed_lr,89,1093632,409.78774096863344,4217.69371777084,1.0966399460472167,0.10000000149011612,0.001984126984126984,0,0,0.0001,0.004185441881418228,0.04217529296875,0.331877738237381,0.3182457387447357,0.3817668557167053
fixed_lr,90,1105920,413.34099961677566,3458.2340372054377,1.1433789169229567,0.0,0.0,1.0,0.0,0.0001,0.0048778969794511795,0.0576782263815403,0.3326805531978607,0.3192572593688965,0.38102203607559204
fixed_lr,91,1118208,418.0112385088578,2631.1287889004884,1.2283276738412678,0.10000000149011612,0.09090909090909091,11.0,1.0,0.0001,0.005470592062920332,0.0653279647231102,0.3320397138595581,0.31846103072166443,0.37984004616737366
fixed_lr,92,1130496,422.42848525289446,2781.823319376242,0.8983816273324191,0.2222222238779068,0.004,500.0,2.0,0.0001,0.004085092805325985,0.04461669921875,0.3307216167449951,0.3176708221435547,0.3800642490386963
fixed_lr,93,1142784,425.5003964160569,4000.1156763107283,0.8983816273324191,0.2222222238779068,0.004,0,0,0.0001,0.003590197302401066,0.0379435233771801,0.3298712968826294,0.31612852215766907,0.37945619225502014
fixed_lr,94,1155072,429.4705095249228,3095.125922875817,0.8510127495788038,0.0,0.0,5.0,0.0,0.0001,0.0030434709042310715,0.02740478701889515,0.32808831334114075,0.31579768657684326,0.37771663069725037
fixed_lr,95,1167360,434.385069842916,2500.3254014425734,1.0984875351749361,0.125,0.15384615384615385,13.0,2.0,0.0001,0.005253659561276436,0.0611979216337204,0.327030211687088,0.31618785858154297,0.3770442306995392
fixed_lr,96,1179648,438.2565900720656,3173.946995673866,0.9351847443915904,0.1666666716337204,0.0020242914979757085,494.0,1.0,0.0001,0.0036249153781682253,0.0359700545668602,0.3254759907722473,0.31445837020874023,0.3762143850326538
fixed_lr,97,1191936,441.64375521894544,3627.8124824587644,0.955065136346966,0.0,0.0,1.0,0.0,0.0001,0.004533924162387848,0.0482584647834301,0.32431280612945557,0.31405285000801086,0.3758634030818939
fixed_lr,98,1204224,445.9667681097053,2842.4620306510674,0.916367319021374,0.0,0.0,8.0,0.0,0.0001,0.00376143679022789,0.0372111015021801,0.32304707169532776,0.3166899085044861,0.3761986196041107
fixed_lr,99,1216512,451.1945376866497,2350.5244099113943,1.0730295618623495,0.10000000894069672,0.005964214711729622,503.0,3.0,0.0001,0.003664342686533928,0.0380045585334301,0.32350000739097595,0.3168228268623352,0.3753690719604492
fixed_lr,100,1228800,454.06994550768286,4273.480759882212,1.0730295618623495,0.10000000894069672,0.005964214711729622,0,0,0.0001,0.0026562646962702274,0.02119954489171505,0.3251323997974396,0.31651556491851807,0.37489840388298035
entropy,1,12288,102.77821273682639,326.7137406365714,,,,0,0,0.01,0.007285378873348236,0.0929972380399704,0.39787742495536804,0.40245357155799866,0.40466806292533875
entropy,2,24576,106.31228848081082,3477.005273844559,,,,0,0,0.006666666666666667,0.010246088728308678,0.1385091096162796,0.39550524950027466,0.39152050018310547,0.4047464430332184
entropy,3,36864,109.8875121450983,3436.9877674349445,,,,0,0,0.01,0.009413991123437881,0.12286376953125,0.3923453986644745,0.3924722969532013,0.40589895844459534
entropy,4,49152,113.39543310785666,3502.9295501394795,-0.24605784937739372,0.0,0.0,512.0,0.0,0.01,0.010504793375730515,0.1407267302274704,0.38934433460235596,0.39668896794319153,0.4095286428928375
entropy,5,61440,116.3065382312052,4221.077384476442,-0.24605784937739372,0.0,0.0,0,0,0.0044444444444444444,0.01070878654718399,0.1396891325712204,0.3855118453502655,0.3893744647502899,0.4112260639667511
entropy,6,73728,119.85892511811107,3459.0826931868396,-0.24605784937739372,0.0,0.0,0,0,0.0029629629629629624,0.01396908424794674,0.1730143129825592,0.38231325149536133,0.38285768032073975,0.41357484459877014
entropy,7,86016,123.42723408481106,3443.6479897546765,-0.24605784937739372,0.0,0.0,0,0,0.004444444444444444,0.012611504644155502,0.1663208156824112,0.38314589858055115,0.3862578570842743,0.4107115864753723
entropy,8,98304,126.54485506890342,3941.466927089424,-0.2858091500401497,0.0,0.0,512.0,0.0,0.0029629629629629624,0.010860119014978409,0.1383056640625,0.38115012645721436,0.3856552839279175,0.40677133202552795
entropy,9,110592,129.72195621812716,3867.6766721771837,-0.2858091500401497,0.0,0.0,0,0,0.0013168724279835388,0.014294657856225967,0.1729532927274704,0.3826030492782593,0.3843904733657837,0.4058839976787567
entropy,10,122880,133.24521342478693,3487.6817896725966,-0.2858091500401497,0.0,0.0,0,0,0.0013168724279835388,0.012048243544995785,0.15948486328125,0.3808182179927826,0.3881647288799286,0.4055003225803375
entropy,11,135168,136.89495854079723,3366.810450980899,0.03305096965283155,0.0,0.0,512.0,0.0,0.0013168724279835388,0.012788357213139534,0.1676025390625,0.3760150074958801,0.3811279833316803,0.4009511172771454
entropy,12,147456,139.62191441189498,4506.123524123414,0.03305096965283155,0.0,0.0,0,0,0.0013168724279835388,0.01128675602376461,0.1366780549287796,0.38519173860549927,0.3827444016933441,0.4114042818546295
entropy,13,159744,143.0952472127974,3537.812442506916,0.03305096965283155,0.0,0.0,0,0,0.0013168724279835388,0.014951774850487709,0.1873372346162796,0.380898654460907,0.37857380509376526,0.4134708046913147
entropy,14,172032,146.6247070580721,3481.5525714087457,0.03305096965283155,0.0,0.0,0,0,0.0019753086419753083,0.01518541295081377,0.1927897185087204,0.37838295102119446,0.3751576840877533,0.4128091633319855
entropy,15,184320,150.01492588082328,3624.5447985650003,-0.059217863343656064,0.0,0.0,512.0,0.0,0.0008779149519890258,0.01487235352396965,0.18536376953125,0.3744780719280243,0.36815741658210754,0.40938764810562134
entropy,16,196608,153.114563414827,3964.334495629873,-0.059217863343656064,0.0,0.0,0,0,0.0013168724279835388,0.011158095672726631,0.1310018002986908,0.37660863995552063,0.36386483907699585,0.411805659532547
entropy,17,208896,156.6658979440108,3460.1077141623496,-0.059217863343656064,0.0,0.0,0,0,0.0005852766346593506,0.014055539853870869,0.1786295771598816,0.3739679455757141,0.36225223541259766,0.4105388820171356
entropy,18,221184,160.1793152228929,3497.4496407980732,-0.059217863343656064,0.0,0.0,0,0,0.0005852766346593506,0.013397433795034885,0.1746419072151184,0.371371865272522,0.3631768822669983,0.4096219837665558
entropy,19,233472,163.28605343401432,3955.2737195595623,-0.10270639628171921,0.0,0.0,512.0,0.0,0.0013168724279835388,0.012760911136865616,0.1572469174861908,0.37232038378715515,0.3611752986907959,0.4071989059448242
entropy,20,245760,166.4497798010707,3884.0274329518393,-0.10270639628171921,0.0,0.0,0,0,0.0013168724279835388,0.013213345780968666,0.1613362729549408,0.36904376745224,0.3611711859703064,0.4084959924221039
entropy,21,258048,169.93927460815758,3521.4266475032587,-0.10270639628171921,0.0,0.0,0,0,0.0005852766346593506,0.016491927206516266,0.2069498747587204,0.36582711338996887,0.36238574981689453,0.40559643507003784
entropy,22,270336,173.53869004594162,3413.887674928965,0.3092245177924633,0.0,0.0,512.0,0.0,0.0008779149519890258,0.014262393116950989,0.1807454377412796,0.36393117904663086,0.358428418636322,0.40211382508277893
entropy,23,282624,176.212740723975,4595.275662104188,0.3092245177924633,0.0,0.0,0,0,0.0008779149519890258,0.01034003496170044,0.1312866359949112,0.36625412106513977,0.36035263538360596,0.4104170799255371
entropy,24,294912,179.62087528593838,3605.4914430729086,0.3092245177924633,0.0,0.0,0,0,0.0003901844231062337,0.013493199832737446,0.1712646484375,0.3655693531036377,0.3568457067012787,0.40918391942977905
entropy,25,307200,183.11815780820325,3513.5851684187624,0.3092245177924633,0.0,0.0,0,0,0.0008779149519890258,0.011094830930233002,0.1481526792049408,0.36357995867729187,0.3552955985069275,0.40808969736099243
entropy,26,319488,186.3913557161577,3754.126803679658,0.2196099128946662,0.0,0.0,512.0,0.0,0.0005852766346593506,0.012169061228632927,0.1525065153837204,0.3571450710296631,0.3472881019115448,0.4050074815750122
entropy,27,331776,189.22327669383958,4339.104126435966,0.2196099128946662,0.0,0.0,0,0,0.0008779149519890258,0.011798607185482979,0.15020751953125,0.3578648865222931,0.3446943759918213,0.4046883285045624
entropy,28,344064,192.65572387585416,3579.953120440409,0.2196099128946662,0.0,0.0,0,0,0.0002601229487374891,0.014255810528993607,0.1823527067899704,0.35465162992477417,0.3427638113498688,0.40015479922294617
entropy,29,356352,196.1119210170582,3555.352746955647,0.2196099128946662,0.0,0.0,0,0,0.00039018442310623366,0.012526609003543854,0.1644490659236908,0.35200178623199463,0.3429545760154724,0.39632534980773926
entropy,30,368640,199.1974423979409,3982.471188219293,0.19325036503374576,0.0,0.0,512.0,0.0,0.001975308641975308,0.012342354282736778,0.1580403745174408,0.3488962650299072,0.3425404131412506,0.3921228349208832
entropy,31,380928,202.28936338610947,3974.228334753965,0.19325036503374576,0.0,0.0,0,0,0.0013168724279835383,0.01659303903579712,0.1991983950138092,0.3456532657146454,0.3440380394458771,0.3917994201183319
entropy,32,393216,205.7115349411033,3590.702512288904,0.19325036503374576,0.0,0.0,0,0,0.00026012294873748907,0.01748112216591835,0.20892333984375,0.3430330455303192,0.3438633680343628,0.38932502269744873
entropy,33,405504,209.271017880179,3452.186795195296,0.23697149338200688,0.0,0.0,512.0,0.0,0.0002601229487374891,0.014591987244784832,0.1803589016199112,0.3406951427459717,0.33997786045074463,0.3811791241168976
entropy,34,417792,211.9060184750706,4663.376556279477,0.23697149338200688,0.0,0.0,0,0,0.001975308641975308,0.01356838084757328,0.1671346127986908,0.34374621510505676,0.34628182649612427,0.38550516963005066
entropy,35,430080,215.26400584401563,3659.334788939507,0.23697149338200688,0.0,0.0,0,0,0.00017341529915832605,0.016884420067071915,0.1947021484375,0.34187889099121094,0.34680840373039246,0.38712620735168457
entropy,36,442368,218.68032586202025,3596.8527348843236,0.23697149338200688,0.0,0.0,0,0,0.0002601229487374891,0.014157179743051529,0.17657470703125,0.3372747600078583,0.3418252766132355,0.38441526889801025
entropy,37,454656,221.97006390802562,3735.2518128064803,0.15488051587017254,0.0,0.0,512.0,0.0,0.00039018442310623366,0.012826242484152317,0.1601562649011612,0.3304486870765686,0.3329964876174927,0.3781558573246002
entropy,38,466944,224.78576951893046,4364.092592780387,0.15488051587017254,0.0,0.0,0,0,0.0008779149519890257,0.012971819378435612,0.1521809846162796,0.32711225748062134,0.3297553062438965,0.3727845847606659
entropy,39,479232,228.20877891080454,3589.8236298067536,0.15488051587017254,0.0,0.0,0,0,1e-05,0.020018108189105988,0.223876953125,0.32231956720352173,0.32910865545272827,0.3688741624355316
entropy,40,491520,231.60860238596797,3614.305298427094,0.15488051587017254,0.0,0.0,0,0,0.0008649755859375004,0.010439110919833183,0.1312459409236908,0.31540530920028687,0.3277948796749115,0.3706133961677551
entropy,41,503808,234.6240340108052,4075.038511497781,0.19128830701112748,0.0,0.0,512.0,0.0,0.0008649755859375004,0.014258177950978279,0.1755167692899704,0.3127474784851074,0.3197396993637085,0.36356571316719055
entropy,42,516096,237.69704842194915,3998.6795881720827,0.19128830701112748,0.0,0.0,0,0,0.0002562890625000001,0.013382889330387115,0.1489054560661316,0.31077632308006287,0.3177841603755951,0.36348703503608704
entropy,43,528384,241.11317917285487,3597.0520146929593,0.19128830701112748,0.0,0.0,0,0,0.00017085937500000009,0.01429195236414671,0.17767333984375,0.30757367610931396,0.31629323959350586,0.36247116327285767
entropy,44,540672,244.6163727240637,3507.656605430739,0.4904333457350731,0.0,0.0,512.0,0.0,0.0005766503906250003,0.012233035638928413,0.1618448942899704,0.30404558777809143,0.3126421272754669,0.36320212483406067
entropy,45,552960,247.25185653893277,4662.521519074643,0.4904333457350731,0.0,0.0,0,0,0.0002562890625000001,0.010649511590600014,0.11328125,0.3047564625740051,0.31262367963790894,0.36481234431266785
entropy,46,565248,250.57190795894712,3701.1474960670585,0.4904333457350731,0.0,0.0,0,0,2.2500000000000008e-05,0.017266158014535904,0.1825154721736908,0.30396226048469543,0.31754955649375916,0.3678317666053772
entropy,47,577536,253.97907851217315,3606.5115637857657,0.4904333457350731,0.0,0.0,0,0,0.0005766503906250003,0.010139822028577328,0.1349283903837204,0.301729291677475,0.31404781341552734,0.3627683222293854
entropy,48,589824,257.2380217369646,3770.5474297688615,0.41511378809809685,0.0,0.0,512.0,0.0,0.00038443359375000017,0.014783619903028011,0.1828816831111908,0.29723647236824036,0.30902987718582153,0.3611820638179779
entropy,49,602112,260.06633101403713,4344.645085179205,0.41511378809809685,0.0,0.0,0,0,0.0002562890625000001,0.012387845665216446,0.1418050229549408,0.29488399624824524,0.3041258156299591,0.36172395944595337
entropy,50,614400,263.4682834581472,3612.043437372177,0.41511378809809685,0.0,0.0,0,0,7.593750000000004e-05,0.015644673258066177,0.182759627699852,0.29855236411094666,0.3031023442745209,0.36344218254089355
entropy,51,626688,266.85729721793905,3625.8336114736558,0.41511378809809685,0.0,0.0,0,0,0.00038443359375000017,0.01281161792576313,0.15557861328125,0.29612240195274353,0.30140063166618347,0.3634413778781891
entropy,52,638976,269.91702206479385,4016.047394794747,0.34463286615908145,0.0,0.0,512.0,0.0,0.0005766503906250003,0.013967588543891907,0.1757405698299408,0.2981570363044739,0.2994469106197357,0.36244848370552063
entropy,53,651264,273.0019117509946,3983.2866811952135,0.34463286615908145,0.0,0.0,0,0,0.00038443359375000017,0.012558110058307648,0.157470703125,0.2951353192329407,0.29571202397346497,0.3605903387069702
entropy,54,663552,276.39800835121423,3618.2716355021826,0.34463286615908145,0.0,0.0,0,0,0.00011390625000000006,0.015152696520090103,0.1820475459098816,0.29299086332321167,0.29681578278541565,0.36160194873809814
entropy,55,675840,279.8945377948694,3514.3419204714337,0.30885413482785223,0.0,0.0,512.0,0.0,0.00017085937500000009,0.014162448234856129,0.1662190854549408,0.2935585081577301,0.2968212962150574,0.3567277193069458
entropy,56,688128,282.54946779320017,4628.370619084422,0.30885413482785223,0.0,0.0,0,0,0.0002562890625000001,0.012282523326575756,0.1442464292049408,0.29536154866218567,0.29618340730667114,0.35764700174331665
entropy,57,700416,285.8424103842117,3731.616832173615,0.30885413482785223,0.0,0.0,0,0,0.0002562890625000001,0.013048670254647732,0.15130615234375,0.29477518796920776,0.29599225521087646,0.35725581645965576
entropy,58,712704,289.21574852382764,3642.68255698759,0.30885413482785223,0.0,0.0,0,0,0.00038443359375000017,0.014393488876521587,0.1735026091337204,0.29531511664390564,0.29542165994644165,0.3570259213447571
entropy,59,724992,292.4727455950342,3772.8004451191764,0.5721101853251457,0.0,0.0,512.0,0.0,0.00038443359375000017,0.014143144711852074,0.1747029721736908,0.2964347004890442,0.29544979333877563,0.35628408193588257
entropy,60,737280,295.29491163417697,4354.1024268481815,0.5721101853251457,0.0,0.0,0,0,0.0008649755859375004,0.01248722430318594,0.1511027067899704,0.2960917055606842,0.2976035177707672,0.3624098002910614
entropy,61,749568,298.6922459648922,3616.953412239829,0.5721101853251457,0.0,0.0,0,0,1e-05,0.019278401508927345,0.2173258662223816,0.2967854142189026,0.2959979176521301,0.3570687472820282
entropy,62,761856,302.193382024765,3509.7179286561104,0.7143202140927315,1.0,1.0,1.0,1.0,0.0005766503906250003,0.01041457150131464,0.1300455778837204,0.29384803771972656,0.2948867380619049,0.35753268003463745
entropy,63,774144,305.32194860000163,3927.6773258598914,0.5067447747290135,0.0,0.0,511.0,0.0,0.0002562890625000001,0.01301487721502781,0.16656494140625,0.2924919128417969,0.2928275763988495,0.3543443977832794
entropy,64,786432,308.404942960944,3985.735477065183,0.5067447747290135,0.0,0.0,0,0,0.0008649755859375004,0.012989530339837074,0.16290283203125,0.29346030950546265,0.2948603332042694,0.3545779883861542
entropy,65,798720,311.78509336989373,3635.3411870267005,0.5067447747290135,0.0,0.0,0,0,0.00011390625000000006,0.016161784529685974,0.1801351010799408,0.2949865162372589,0.2962985038757324,0.3546603322029114
entropy,66,811008,315.57082073111087,3245.8755815023383,0.7837001322954893,0.0,0.0,512.0,0.0,5.0625000000000024e-05,0.015191991813480854,0.1722615510225296,0.2963596284389496,0.29236146807670593,0.355956494808197
entropy,67,823296,318.2238780371845,4631.6376098885075,0.7837001322954893,0.0,0.0,0,0,0.0008649755859375004,0.00946360919624567,0.1221923828125,0.30022260546684265,0.28558236360549927,0.35458675026893616
entropy,68,835584,321.53609225712717,3709.904971126118,0.7837001322954893,0.0,0.0,0,0,7.593750000000004e-05,0.014625100418925285,0.1728515625,0.2995625436306,0.2840079069137573,0.3520641624927521
entropy,69,847872,324.9069897062145,3645.320032897143,0.7837001322954893,0.0,0.0,0,0,0.0005766503906250003,0.01145098078995943,0.1458740234375,0.2958388328552246,0.2818029224872589,0.3478104770183563
entropy,70,860160,328.26788118481636,3656.1727976744737,0.4863983318209648,0.0,0.0,512.0,0.0,0.0005766503906250003,0.013583999127149582,0.1669921875,0.2925264835357666,0.27771496772766113,0.34880638122558594
entropy,71,872448,331.10033818520606,4338.282981280701,0.4863983318209648,0.0,0.0,0,0,0.00038443359375000017,0.011089867912232876,0.1383260190486908,0.28945228457450867,0.2765999436378479,0.35004645586013794
entropy,72,884736,334.4785337247886,3637.444859547283,0.4863983318209648,0.0,0.0,0,0,7.593750000000004e-05,0.016254426911473274,0.175679549574852,0.2879939675331116,0.2760269343852997,0.34972360730171204
entropy,73,897024,337.95897291600704,3530.5889069988602,0.4861537513136864,0.0,0.0,1.0,0.0,7.593750000000004e-05,0.014269817620515823,0.1688639223575592,0.2899456322193146,0.2736518681049347,0.3526083528995514
entropy,74,909312,340.99914580676705,4041.8753937800416,0.5848131396993995,0.0,0.0,511.0,0.0,0.0005766503906250003,0.01217292807996273,0.1519775390625,0.28954198956489563,0.27132877707481384,0.3540838658809662
entropy,75,921600,344.0521513251588,4024.8862722243325,0.5848131396993995,0.0,0.0,0,0,0.0005766503906250003,0.014427587389945984,0.1790364682674408,0.2844058573246002,0.2688088119029999,0.3500754237174988
entropy,76,933888,347.44708994217217,3619.5057956040555,0.5848131396993995,0.0,0.0,0,0,2.2500000000000008e-05,0.017249757423996925,0.1972249448299408,0.28349772095680237,0.2688570022583008,0.34886428713798523
entropy,77,946176,351.0193628189154,3439.82680606492,0.719495278634131,0.0,0.0,512.0,0.0,0.00038443359375000017,0.009099321439862251,0.1160481870174408,0.28203293681144714,0.26353684067726135,0.3458203673362732
entropy,78,958464,353.64990655798465,4671.27758322231,0.719495278634131,0.0,0.0,0,0,0.00038443359375000017,0.011800102889537811,0.1475626677274704,0.2826288342475891,0.26149165630340576,0.34644168615341187
entropy,79,970752,356.96080273622647,3711.3818550859182,0.719495278634131,0.0,0.0,0,0,5.0625000000000024e-05,0.01692487858235836,0.1912231594324112,0.28136181831359863,0.2606760263442993,0.34609702229499817
entropy,80,983040,360.34546202607453,3630.4983597186883,0.719495278634131,0.0,0.0,0,0,0.00017085937500000009,0.013168871402740479,0.1505533754825592,0.2772655487060547,0.25961917638778687,0.34583938121795654
entropy,81,995328,363.70508794812486,3657.550062151213,0.47817749477922916,0.0,0.0,512.0,0.0,0.0002562890625000001,0.013999872840940952,0.1696980893611908,0.2788173258304596,0.2598901391029358,0.3429742157459259
entropy,82,1007616,366.5072189499624,4385.233949427027,0.47817749477922916,0.0,0.0,0,0,0.00038443359375000017,0.012197212316095829,0.1439615935087204,0.2785762846469879,0.2581237852573395,0.3394968807697296
entropy,83,1019904,369.8934444580227,3628.8191588984864,0.47817749477922916,0.0,0.0,0,0,1e-05,0.019713304936885834,0.2111002653837204,0.2804583013057709,0.25579091906547546,0.3377755284309387
entropy,84,1032192,373.47076146909967,3434.976537430402,0.5965650010854006,0.5,0.5,2.0,1.0,0.00038443359375000017,0.011316303163766861,0.1308797299861908,0.27601858973503113,0.25294560194015503,0.335414856672287
entropy,85,1044480,376.5115526849404,4041.0535047545436,0.42998860996216537,0.0,0.0,510.0,0.0,0.00017085937500000009,0.014861099421977997,0.17510986328125,0.2709151804447174,0.24988782405853271,0.3302761912345886
entropy,86,1056768,379.5941960401833,3986.189313499655,0.42998860996216537,0.0,0.0,0,0,0.00017085937500000009,0.013587568886578083,0.1583455353975296,0.2711372375488281,0.2500876784324646,0.33395856618881226
entropy,87,1069056,383.1035576458089,3501.491547722529,0.406259833984077,0.0,0.0,1.0,0.0,1e-05,0.01987268775701523,0.1844279021024704,0.26888778805732727,0.24736131727695465,0.3334033489227295
entropy,88,1081344,386.82246436877176,3304.1968824133724,0.844473539814353,0.3333333432674408,0.0019569471624266144,511.0,1.0,0.00017085937500000009,0.011746111325919628,0.1404825896024704,0.26913297176361084,0.24409134685993195,0.3295738101005554
entropy,89,1093632,389.5023276251741,4585.308586415153,0.844473539814353,0.3333333432674408,0.0019569471624266144,0,0,0.0005766503906250003,0.008686503395438194,0.1097005233168602,0.2717221975326538,0.24000483751296997,0.32939478754997253
entropy,90,1105920,392.8723970120773,3646.215727116412,0.844473539814353,0.3333333432674408,0.0019569471624266144,0,0,1.0000000000000004e-05,0.01839240826666355,0.2137451171875,0.268581360578537,0.23766116797924042,0.3255853056907654
entropy,91,1118208,396.46587667195126,3419.5267993894495,0.8519501242786646,0.0,0.0,2.0,0.0,0.0002562890625000001,0.010650665499269962,0.12823486328125,0.26426953077316284,0.2390449047088623,0.32356274127960205
entropy,92,1130496,399.9822411038913,3494.5183407001327,0.6991720571741462,0.3333333432674408,0.00196078431372549,510.0,1.0,0.00011390625000000006,0.01563968136906624,0.1802164763212204,0.26281824707984924,0.23721128702163696,0.3239665627479553
entropy,93,1142784,402.8505707848817,4284.026373062173,0.6991720571741462,0.3333333432674408,0.00196078431372549,0,0,0.0005766503906250003,0.011050392873585224,0.13232421875,0.2618345022201538,0.23752009868621826,0.327117919921875
entropy,94,1155072,406.24864368001,3616.1672745799406,0.6991720571741462,0.3333333432674408,0.00196078431372549,0,0,3.3750000000000014e-05,0.015735285356640816,0.1495768278837204,0.26363736391067505,0.2357451468706131,0.3248426616191864
entropy,95,1167360,410.07537559000775,3211.095077733624,0.6897553778812289,0.0,0.0,4.0,0.0,0.00038443359375000017,0.00956778135150671,0.1222737729549408,0.2624085545539856,0.23466230928897858,0.3234643042087555
entropy,96,1179648,413.14314298983663,4005.5188019422267,0.9801950059086084,0.0,0.0,508.0,0.0,0.0008649755859375004,0.010551340878009796,0.1355794370174408,0.2602106034755707,0.2323831468820572,0.3185390532016754
entropy,97,1191936,416.26694450480863,3933.668621743446,0.9801950059086084,0.0,0.0,0,0,0.0002562890625000001,0.011771760880947113,0.14202880859375,0.2612576484680176,0.2318086177110672,0.3159767687320709
entropy,98,1204224,419.7924132780172,3485.4939273271702,0.9912032552808523,0.0,0.0,1.0,0.0,5.0625000000000024e-05,0.015171065926551819,0.1710205227136612,0.2614399492740631,0.2311072051525116,0.31443753838539124
entropy,99,1216512,423.64719079900533,3187.7326079379245,0.7951538644731044,0.0,0.0,511.0,0.0,0.0002562890625000001,0.01317084301263094,0.1494547575712204,0.2590586543083191,0.22949951887130737,0.3127956986427307
entropy,100,1228800,426.3323058220558,4576.340266436731,0.7951538644731044,0.0,0.0,0,0,0.0005766503906250003,0.012830005027353764,0.1446329802274704,0.2603321075439453,0.23056066036224365,0.31343087553977966
both,1,12288,102.77138575166464,326.7867165463319,,,,0,0,0.0001,0.0037651052698493004,0.0303548201918602,0.40032729506492615,0.40016674995422363,0.40054747462272644
both,2,24576,106.25725787365809,3525.086282560735,,,,0,0,0.0001,0.00604274682700634,0.0749918669462204,0.4001747965812683,0.39913442730903625,0.4009871780872345
both,3,36864,109.78852744679898,3479.7683228330916,,,,0,0,0.0001,0.0034854914993047714,0.0314737968146801,0.39960095286369324,0.39936283230781555,0.4013446867465973
both,4,49152,113.32414448494092,3475.4895305227064,-0.2618651799485087,0.0,0.0,512.0,0.0,0.0001,0.0025087669491767883,0.01871744729578495,0.39822420477867126,0.4002343416213989,0.40418902039527893
both,5,61440,116.24044632399455,4213.555618779014,-0.2618651799485087,0.0,0.0,0,0,0.0001,0.0029398780316114426,0.02494303323328495,0.3960374593734741,0.3996012210845947,0.40487515926361084
both,6,73728,119.772737366613,3478.76204189874,-0.2618651799485087,0.0,0.0,0,0,0.0001,0.0037881815806031227,0.0415445975959301,0.3952478766441345,0.39851629734039307,0.40621867775917053
both,7,86016,123.3030742816627,3480.6876215175635,-0.2618651799485087,0.0,0.0,0,0,0.0001,0.0015173247084021568,0.01125081442296505,0.39507994055747986,0.39729368686676025,0.405409038066864
both,8,98304,126.39759729476646,3970.8866109466567,-0.14119498934596778,0.0,0.0,512.0,0.0,0.0001,0.003034154884517193,0.0323282927274704,0.39346301555633545,0.3965824842453003,0.40476545691490173
both,9,110592,129.55157176684588,3896.036606757467,-0.14119498934596778,0.0,0.0,0,0,0.0001,0.0037536416202783585,0.0385945625603199,0.39284542202949524,0.3940102159976959,0.4046310484409332
both,10,122880,133.06549804564565,3496.9430275575182,-0.14119498934596778,0.0,0.0,0,0,0.0001,0.0029516217764467,0.03265380859375,0.3932042121887207,0.39249512553215027,0.40494322776794434
both,11,135168,136.68229678692296,3397.4796163693572,0.07332636453211308,0.0,0.0,512.0,0.0,0.0001,0.003505476051941514,0.03533935546875,0.3913668394088745,0.38996413350105286,0.4057926833629608
both,12,147456,139.39922371366993,4522.756898255151,0.07332636453211308,0.0,0.0,0,0,0.0001,0.0026785593945533037,0.02144368551671505,0.3909605145454407,0.38992586731910706,0.40581265091896057
both,13,159744,142.81279077893123,3599.753502736402,0.07332636453211308,0.0,0.0,0,0,0.0001,0.004103006795048714,0.04559326171875,0.39206328988075256,0.38852447271347046,0.40520599484443665
both,14,172032,146.30306151974946,3520.6437873983655,0.07332636453211308,0.0,0.0,0,0,0.0001,0.0035098763182759285,0.0342203788459301,0.392259806394577,0.38879257440567017,0.40516433119773865
both,15,184320,149.64210853166878,3680.0919412442554,0.11175089433789254,0.0,0.0,512.0,0.0,0.0001,0.004075255244970322,0.0425008162856102,0.39209696650505066,0.387653112411499,0.40439513325691223
both,16,196608,152.51853293785825,4271.97042743719,0.11175089433789254,0.0,0.0,0,0,0.0001,0.0031077757012099028,0.02716064639389515,0.3935432732105255,0.3871113657951355,0.4035719931125641
both,17,208896,156.00893831299618,3520.507986701812,0.11175089433789254,0.0,0.0,0,0,0.0001,0.0038576428778469563,0.0388793982565403,0.3932662308216095,0.3877650797367096,0.40386515855789185
both,18,221184,159.4842013027519,3535.8475131874084,0.11175089433789254,0.0,0.0,0,0,0.0001,0.002504479605704546,0.0189615897834301,0.39355185627937317,0.38653355836868286,0.4055684506893158
both,19,233472,162.53786880988628,4024.013738002309,0.11174181118607521,0.0,0.0,512.0,0.0,0.0001,0.004105057567358017,0.0469970777630806,0.3943277895450592,0.3869380056858063,0.4062309265136719
both,20,245760,165.6575250327587,3938.8955455757796,0.11174181118607521,0.0,0.0,0,0,0.0001,0.0037889285013079643,0.0392049178481102,0.3951566815376282,0.38743042945861816,0.4068847596645355
both,21,258048,169.13781401189044,3530.74129007116,0.11174181118607521,0.0,0.0,0,0,0.0001,0.0033531025983393192,0.0280354842543602,0.3934556841850281,0.38685765862464905,0.4086489975452423
both,22,270336,172.73136292863637,3419.460896368474,0.31202385511249303,0.0,0.0,512.0,0.0,0.0001,0.003259242046624422,0.02931722067296505,0.39251282811164856,0.38498860597610474,0.4097961485385895
both,23,282624,175.3733954457566,4650.964710076185,0.31202385511249303,0.0,0.0,0,0,0.0001,0.003194405697286129,0.02874756045639515,0.39248591661453247,0.38481226563453674,0.41171035170555115
both,24,294912,178.73745580669492,3652.7287508517256,0.31202385511249303,0.0,0.0,0,0,0.0001,0.003708836156874895,0.0380655936896801,0.3917030394077301,0.3846000134944916,0.4125678539276123
both,25,307200,182.21074197767302,3537.859938716084,0.31202385511249303,0.0,0.0,0,0,0.0001,0.004214869812130928,0.0438232421875,0.3918594717979431,0.38507452607154846,0.4134250581264496
both,26,319488,185.51696441788226,3716.6283340640366,0.37937131747603414,0.0,0.0,512.0,0.0,0.0001,0.0039643156342208385,0.04266357421875,0.3907015323638916,0.3853771984577179,0.41311031579971313
both,27,331776,188.3531198487617,4332.625732077631,0.37937131747603414,0.0,0.0,0,0,0.0001,0.0034990820568054914,0.0349324569106102,0.39025935530662537,0.3852740228176117,0.4126369059085846
both,28,344064,191.81631898786873,3548.164430177251,0.37937131747603414,0.0,0.0,0,0,0.0001,0.0037158415652811527,0.03570556640625,0.39032450318336487,0.3851683735847473,0.4135548174381256
both,29,356352,195.33588278992102,3491.3417375285985,0.37937131747603414,0.0,0.0,0,0,0.0001,0.003031920175999403,0.0288289412856102,0.3909130096435547,0.3859993815422058,0.41278213262557983
both,30,368640,198.3741603679955,4044.396762387835,0.338822554461658,0.0,0.0,512.0,0.0,0.0001,0.003477086080238223,0.0364583358168602,0.390004426240921,0.38556280732154846,0.41232794523239136
both,31,380928,201.46697827102616,3973.075811530625,0.338822554461658,0.0,0.0,0,0,0.0001,0.0030721852090209723,0.0281778983771801,0.38839051127433777,0.3847580850124359,0.4125267565250397
both,32,393216,204.8943513808772,3585.2530804660732,0.338822554461658,0.0,0.0,0,0,0.0001,0.003727627918124199,0.0368448942899704,0.3888895809650421,0.38590535521507263,0.4112482964992523
both,33,405504,208.76917624659836,3171.2401013801714,0.3320882278867066,0.5,0.001953125,512.0,1.0,0.0001,0.004244516137987375,0.0419718399643898,0.38934409618377686,0.38537395000457764,0.4108135402202606
both,34,417792,211.41622021095827,4642.159391928121,0.3320882278867066,0.5,0.001953125,0,0,0.0001,0.0031137620098888874,0.02598063461482525,0.3900592625141144,0.3847173750400543,0.41054534912109375
both,35,430080,214.810397809837,3620.317335209363,0.3320882278867066,0.5,0.001953125,0,0,0.0001,0.002936622127890587,0.02471923828125,0.39089712500572205,0.38366469740867615,0.41072794795036316
both,36,442368,218.2376004816033,3585.431378549644,0.3320882278867066,0.5,0.001953125,0,0,0.0001,0.004678490571677685,0.0533040389418602,0.3910689651966095,0.3830413222312927,0.41097933053970337
both,37,454656,221.8319690786302,3418.6811030354625,0.44941395834088327,0.0,0.0,512.0,0.0,0.0001,0.004098947159945965,0.0443115234375,0.3899820148944855,0.38127121329307556,0.40923988819122314
both,38,466944,224.6653405497782,4336.882800270918,0.44941395834088327,0.0,0.0,0,0,0.0001,0.0028671249747276306,0.0241902694106102,0.39031901955604553,0.38110077381134033,0.40875881910324097
both,39,479232,228.26691841799766,3411.8379359308137,0.5922663520276547,1.0,1.0,1.0,1.0,0.0001,0.0034036231227219105,0.0296427421271801,0.3911624550819397,0.38053151965141296,0.40807971358299255
both,40,491520,231.84732774784788,3432.0098256793517,0.5877924124896526,0.0,0.0,1.0,0.0,0.0001,0.0037595583125948906,0.03607177734375,0.390690416097641,0.38057440519332886,0.40821072459220886
both,41,503808,234.89273757999763,4034.9249123314034,0.4599828873574734,0.0,0.0,510.0,0.0,0.0001,0.00383972330018878,0.0403035506606102,0.39137542247772217,0.38086220622062683,0.407703161239624
both,42,516096,238.1499512400478,3772.5495722656033,0.45955850765109063,0.0,0.0,1.0,0.0,0.0001,0.0043713124468922615,0.0478922501206398,0.39237138628959656,0.3799026310443878,0.4082198739051819
both,43,528384,241.62017028266564,3540.986851000134,0.45955850765109063,0.0,0.0,0,0,0.0001,0.0037563263904303312,0.0350341796875,0.39281344413757324,0.3784981667995453,0.40848830342292786
both,44,540672,245.4099782030098,3242.380684793138,0.6019159269332885,0.3333333432674408,0.0019569471624266144,511.0,1.0,0.0001,0.0024705715477466583,0.01763916015625,0.3914775252342224,0.3773079514503479,0.40963274240493774
both,45,552960,248.0819744747132,4598.808812022191,0.6019159269332885,0.3333333432674408,0.0019569471624266144,0,0,0.0001,0.004363427869975567,0.0450846403837204,0.3912622928619385,0.3777860403060913,0.4094683527946472
both,46,565248,251.57534669572487,3517.518095006045,0.6082411079853773,0.0,0.0,1.0,0.0,0.0001,0.004258495289832354,0.0464070662856102,0.3906545639038086,0.37873807549476624,0.40950244665145874
both,47,577536,255.05058619985357,3535.8714084026346,0.6082411079853773,0.0,0.0,0,0,0.0001,0.0040222229436039925,0.0408732108771801,0.3901386559009552,0.377651572227478,0.40965569019317627
both,48,589824,258.60914374981076,3453.08452301069,0.6141158530116081,0.0,0.0,511.0,0.0,0.0001,0.003396448213607073,0.03411865234375,0.38993075489997864,0.37632644176483154,0.4097534716129303
both,49,602112,261.5004154057242,4250.033017432891,0.6141158530116081,0.0,0.0,0,0,0.0001,0.002263082657009363,0.0191446952521801,0.39122340083122253,0.37664729356765747,0.4101385474205017
both,50,614400,265.0338333249092,3477.6525961679176,0.6298032853007317,0.0,0.0,1.0,0.0,0.0001,0.004717114847153425,0.0541788712143898,0.39105674624443054,0.3760068118572235,0.4109736979007721
both,51,626688,268.7755104219541,3284.0888407246202,0.5839367896318436,0.0,0.0,2.0,0.0,0.0001,0.003976698499172926,0.0408732108771801,0.3919735550880432,0.3764478862285614,0.41144368052482605
both,52,638976,271.96953013166785,3847.1897849062525,0.45221054915338754,0.0,0.0,509.0,0.0,0.0001,0.003481142921373248,0.0357869453728199,0.39146244525909424,0.3755938410758972,0.41003987193107605
both,53,651264,275.2784837218933,3713.5606967406447,0.45288322035223244,0.0,0.0,1.0,0.0,0.0001,0.003764529712498188,0.03570556640625,0.39145800471305847,0.37441766262054443,0.40873652696609497
both,54,663552,278.78873187862337,3500.6072081942734,0.45288322035223244,0.0,0.0,0,0,0.0001,0.0046623870730400085,0.0513712614774704,0.3923724591732025,0.3747001588344574,0.4085843563079834
both,55,675840,282.57357191760093,3246.636548296366,1.2715313412249087,0.0,0.0,511.0,0.0,0.0001,0.003490310162305832,0.0313924178481102,0.3931226134300232,0.3751315772533417,0.4078277349472046
both,56,688128,285.233549868688,4619.587164238802,1.2715313412249087,0.0,0.0,0,0,0.0001,0.0030595408752560616,0.02492268942296505,0.39357784390449524,0.376811146736145,0.40914294123649597
both,57,700416,288.73300008894876,3511.408714676425,1.2872375525534152,0.0,0.0,1.0,0.0,0.0001,0.003974761348217726,0.0408325232565403,0.3933503031730652,0.37619149684906006,0.40876179933547974
both,58,712704,292.22425623983145,3519.6500826481138,1.2872375525534152,0.0,0.0,0,0,0.0001,0.004114863462746143,0.0407714881002903,0.39307838678359985,0.377623975276947,0.4079606235027313
both,59,724992,295.89997734175995,3343.0175084701023,1.05130627900362,0.25,0.0019569471624266144,511.0,1.0,0.0001,0.00348109332844615,0.0360310897231102,0.39360857009887695,0.3776130974292755,0.4070742726325989
both,60,737280,298.78914203168824,4253.132416728026,1.05130627900362,0.25,0.0019569471624266144,0,0,0.0001,0.0027240626513957977,0.022705078125,0.39380696415901184,0.37754306197166443,0.40707913041114807
both,61,749568,302.3346781739965,3465.7663909752428,1.051883160471916,0.0,0.0,1.0,0.0,0.0001,0.0037883499171584845,0.0383504256606102,0.3932327330112457,0.3771932125091553,0.4058334529399872
both,62,761856,306.2334828777239,3151.7351941871657,1.248743172287941,0.5,0.5,4.0,2.0,0.0001,0.004886660259217024,0.0556437224149704,0.39374589920043945,0.37761643528938293,0.4045270085334778
both,63,774144,309.4762042048387,3789.4098075128195,0.969845629427582,0.0,0.0,507.0,0.0,0.0001,0.0042584785260260105,0.0466308631002903,0.3931489586830139,0.3779117465019226,0.40306007862091064
both,64,786432,312.71634993795305,3792.4220118917733,0.9578247586824,0.0,0.0,1.0,0.0,0.0001,0.004122081212699413,0.0423583984375,0.39118295907974243,0.3769703209400177,0.40281274914741516
both,65,798720,316.5331897898577,3219.417234356349,1.2210620583593845,0.6666666865348816,0.6666666666666666,3.0,2.0,0.0001,0.003122524591162801,0.0259195975959301,0.39119085669517517,0.37744420766830444,0.4020709693431854
both,66,811008,320.8898617378436,2820.501554100443,0.9087374618649483,0.375,0.007874015748031496,508.0,4.0,0.0001,0.004104584455490112,0.0427246131002903,0.39113348722457886,0.37770983576774597,0.4011043310165405
both,67,823296,323.66059002280235,4434.935055417367,0.9087374618649483,0.375,0.007874015748031496,0,0,0.0001,0.003346893237903714,0.03204345703125,0.39094316959381104,0.37812986969947815,0.4018920958042145
both,68,835584,327.2915212637745,3384.2557692472465,1.0276351854205132,0.5,0.5,2.0,1.0,0.0001,0.004547914955765009,0.0489501953125,0.39214977622032166,0.3781428635120392,0.40395185351371765
both,69,847872,331.54101094882935,2891.641328890845,1.3780948919057847,0.4285714626312256,0.42857142857142855,7.0,3.0,0.0001,0.0031638354994356632,0.0279947929084301,0.39201682806015015,0.3776417076587677,0.4044407606124878
both,70,860160,335.6965832589194,2956.9934254696386,1.1482833608239889,0.3541666865348816,0.009940357852882704,503.0,5.0,0.0001,0.0038400189951062202,0.0399373397231102,0.3926628530025482,0.377074658870697,0.4044125974178314
both,71,872448,338.72896814905107,4052.2560444055343,1.1482833608239889,0.3541666865348816,0.009940357852882704,0,0,0.0001,0.004133483860641718,0.0421549491584301,0.3923812210559845,0.3772217631340027,0.4038155972957611
both,72,884736,342.61894373083487,3158.88872350329,1.2380873292312027,0.25,0.25,4.0,1.0,0.0001,0.004274134524166584,0.04486083984375,0.39184680581092834,0.37842872738838196,0.4034966230392456
both,73,897024,347.687584717758,2424.3184774187994,1.5728880110010506,0.1428571492433548,0.15,20.0,3.0,0.0001,0.0029776243027299643,0.02880859375,0.3928353488445282,0.37797272205352783,0.40299853682518005
both,74,909312,351.3389498819597,3365.3166548425756,1.033273776974529,0.6000000238418579,0.006147540983606557,488.0,3.0,0.0001,0.0036573007237166166,0.0370076522231102,0.3929199278354645,0.37758269906044006,0.402103990316391
both,75,921600,354.6752585610375,3683.112440122495,1.0395068230293691,0.0,0.0,1.0,0.0,0.0001,0.0034786199685186148,0.0351969376206398,0.3932117223739624,0.37638938426971436,0.4014114737510681
both,76,933888,358.9547669789754,2871.3578289725656,1.5563995062746108,0.2857142984867096,0.3333333333333333,9.0,3.0,0.0001,0.0055158925242722034,0.0669759139418602,0.3940403461456299,0.3755786418914795,0.40197625756263733
both,77,946176,364.2197920596227,2333.892016045102,0.8905076113191899,0.09375,0.00597609561752988,502.0,3.0,0.0001,0.004365905188024044,0.0471801795065403,0.3945026099681854,0.37573909759521484,0.4004989564418793
both,78,958464,367.1431749938056,4203.349433396974,0.8905076113191899,0.09375,0.00597609561752988,0,0,0.0001,0.003296501934528351,0.02960205078125,0.3954821228981018,0.3761751055717468,0.39971107244491577
both,79,970752,370.8928368529305,3277.0954986505876,1.0703838485328014,0.1666666716337204,0.25,4.0,1.0,0.0001,0.003969861660152674,0.0440470390021801,0.3945395052433014,0.3751295506954193,0.40100839734077454
both,80,983040,375.5699913208373,2627.2384383104045,1.379793925791746,0.13636364042758942,0.13333333333333333,15.0,2.0,0.0001,0.004424647428095341,0.0501708984375,0.39635738730430603,0.3744494616985321,0.4007675349712372
both,81,995328,380.1090064616874,2707.195199551289,1.1320301307737828,0.1515151560306549,0.006085192697768763,493.0,3.0,0.0001,0.003814318682998419,0.041259765625,0.39796122908592224,0.3744044601917267,0.3998650014400482
both,82,1007616,383.1845967769623,3995.330567589496,1.1320301307737828,0.1515151560306549,0.006085192697768763,0,0,0.0001,0.004590910393744707,0.0518391914665699,0.3979825973510742,0.37458816170692444,0.40014418959617615
both,83,1019904,387.44017882086337,2887.50160923595,1.4724747215211391,0.2857142984867096,0.2222222222222222,9.0,2.0,0.0001,0.005923564545810223,0.0692342147231102,0.39818066358566284,0.37349969148635864,0.4002329707145691
both,84,1032192,392.9224812737666,2241.3940320809356,2.522261781394482,0.20370371639728546,0.22580645161290322,31.0,7.0,0.0001,0.004132562316954136,0.0433756522834301,0.398159921169281,0.3733435273170471,0.39909547567367554
both,85,1044480,396.7294415589422,3227.772048962478,1.2666419629007577,0.25,0.00423728813559322,472.0,2.0,0.0001,0.003089526668190956,0.0298868827521801,0.3985535204410553,0.3735974133014679,0.3990064859390259
both,86,1056768,400.1274255188182,3616.2619203324352,1.3085605185478926,0.0,0.0,1.0,0.0,0.0001,0.003841620869934559,0.0397542342543602,0.39786574244499207,0.3732474148273468,0.3998035788536072
both,87,1069056,405.11403234303,2464.2006946160914,1.9812897630780935,0.273809552192688,0.2631578947368421,19.0,5.0,0.0001,0.003921809606254101,0.0414021834731102,0.3963669538497925,0.372725248336792,0.4008830487728119
both,88,1081344,410.78048338601366,2168.553104365961,0.9241031387820839,0.11677705496549606,0.016260162601626018,492.0,8.0,0.0001,0.004812566097825766,0.0535481795668602,0.39696091413497925,0.37159082293510437,0.40066251158714294
both,89,1093632,413.7831515688449,4092.3602781888053,0.9241031387820839,0.11677705496549606,0.016260162601626018,0,0,0.0001,0.003185295034199953,0.0272623710334301,0.3978756368160248,0.3717118203639984,0.40132203698158264
both,90,1105920,417.86336644692346,3011.606096046258,1.1933116951957345,0.1666666716337204,0.2222222222222222,9.0,2.0,0.0001,0.004586411640048027,0.051025390625,0.3984184265136719,0.3709205090999603,0.40108799934387207
both,91,1118208,423.28967704903334,2264.522048410228,1.9476112899184228,0.2222222238779068,0.17857142857142858,28.0,5.0,0.0001,0.003607397433370352,0.0350545272231102,0.3987414538860321,0.3710917830467224,0.39903515577316284
both,92,1130496,428.0280214450322,2593.3108641018553,1.0517860177159308,0.06427465379238129,0.00631578947368421,475.0,3.0,0.0001,0.0045356592163443565,0.0490519218146801,0.39998725056648254,0.37100842595100403,0.39945852756500244
both,93,1142784,431.2665679869242,3794.294706297852,1.1871601828932763,1.0,1.0,1.0,1.0,0.0001,0.0035620955750346184,0.0339558944106102,0.4002518951892853,0.37111616134643555,0.40006086230278015
both,94,1155072,435.7866543466225,2718.53213017375,1.5611352652311326,0.12962964177131653,0.1875,16.0,3.0,0.0001,0.004321433138102293,0.0478108748793602,0.40066227316856384,0.3722211718559265,0.4007243812084198
both,95,1167360,441.5021349978633,2149.9504153394955,2.4248199397325516,0.14166668057441711,0.15555555555555556,45.0,7.0,0.0001,0.003951059654355049,0.04010009765625,0.40053603053092957,0.3721561133861542,0.4005335867404938
both,96,1179648,445.3394101439044,3202.272324067662,0.7832606106251478,0.08371298760175705,0.006666666666666667,450.0,3.0,0.0001,0.0031837027054280043,0.0279134139418602,0.4014779031276703,0.37229153513908386,0.39998799562454224
both,97,1191936,448.97766066575423,3377.4474644347083,0.9228909603506327,0.3333333432674408,0.3333333333333333,3.0,1.0,0.0001,0.00382369477301836,0.0406494140625,0.4016878604888916,0.3717743754386902,0.3996707797050476
both,98,1204224,453.9542687959038,2469.151614642151,1.6754423467814923,0.1666666865348816,0.1724137931034483,29.0,5.0,0.0001,0.004661737009882927,0.0511678084731102,0.40226617455482483,0.3716296851634979,0.4000580906867981
both,99,1216512,459.580868744757,2183.9121515124584,1.0831302972137928,0.19500000774860382,0.01875,480.0,9.0,0.0001,0.003811417380347848,0.0374348983168602,0.40354669094085693,0.3709045648574829,0.39839041233062744
both,100,1228800,462.7966681839898,3821.133821371518,1.33168175175786,1.0,1.0,2.0,2.0,0.0001,0.004878345876932144,0.0564168319106102,0.4032348096370697,0.36907342076301575,0.3979056477546692
