case,case_label,condition,repeat,training_seed,training_updates,training_transitions,training_success_state_sample,success_state_sample,evaluation_source_revision,checkpoint,report,report_sha256,episodes,successes,success_rate,wilson95_low,wilson95_high,mean_camera_joint_travel_rad,mean_episode_seconds,mean_success_completion_seconds,mean_terminal_position_error_m,reference_case,reference_repeat,reference_initial_state_mismatches,reference_initial_physics_mismatches,reference_wrist_image_mismatches,reference_external_image_mismatches,reference_changed_episode_count,reference_lost_successes,reference_gained_successes,reference_success_count_change,within_case_repeat_changed_episodes,within_case_repeat_initial_state_mismatches,success_hold_violations,success_distance_violations,success_three_sample_violations,success_qpos_above_distance_threshold,xm_episodes,xm_successes,xm_success_rate,xm_wilson95_low,xm_wilson95_high,xm_mean_terminal_error_x_m,xm_mean_terminal_error_y_m,xm_mean_terminal_error_z_m,xm_mean_absolute_terminal_error_x_m,xm_mean_absolute_terminal_error_y_m,xm_mean_absolute_terminal_error_z_m,xp_episodes,xp_successes,xp_success_rate,xp_wilson95_low,xp_wilson95_high,xp_mean_terminal_error_x_m,xp_mean_terminal_error_y_m,xp_mean_terminal_error_z_m,xp_mean_absolute_terminal_error_x_m,xp_mean_absolute_terminal_error_y_m,xp_mean_absolute_terminal_error_z_m,ym_episodes,ym_successes,ym_success_rate,ym_wilson95_low,ym_wilson95_high,ym_mean_terminal_error_x_m,ym_mean_terminal_error_y_m,ym_mean_terminal_error_z_m,ym_mean_absolute_terminal_error_x_m,ym_mean_absolute_terminal_error_y_m,ym_mean_absolute_terminal_error_z_m,yp_episodes,yp_successes,yp_success_rate,yp_wilson95_low,yp_wilson95_high,yp_mean_terminal_error_x_m,yp_mean_terminal_error_y_m,yp_mean_terminal_error_z_m,yp_mean_absolute_terminal_error_x_m,yp_mean_absolute_terminal_error_y_m,yp_mean_absolute_terminal_error_z_m
nominal-active,Active: nominal,active,1,0,1500,18432000,derived_substep,current_qpos,11a591f7a2129484d555caf115fcdbf1a709a0c9,/n/holylabs/pgozdil_lab/Lab/active-perception/active_perception_so101/logs/pilots/plug_active_clean_gru_v0_s0_n512_20261007T180020Z/model_1499.pt,artifacts/plug_analysis/camera_controls/nominal-active/evaluation-repeat1.json,fdd8023beedae60599dfd568f17f4bfae19c8bb56b035e9744b43383cebf2a5d,512,96,0.1875,0.15606453821977367,0.22358982160702806,8.628799919039011,3.3369531102944165,2.543750004221996,0.010155165133937771,,,,,,,,,,,86,0,0,0,0,0,128,0,0.0,0,0.029136956273508416,-0.004006010276498273,0.001576329786075803,0.002342212916119024,0.006159405049402267,0.0030570863264074433,0.0033266799291595817,128,28,0.21875,0.15590524094938307,0.29798429695446543,0.0008876833934436945,-0.00015847849044803297,0.00025553816522005945,0.001958372314334156,0.0017342305718557327,0.0018379242828814313,128,45,0.3515625,0.2742728728140724,0.43750216107962536,0.005533026610464731,-0.006855201681901235,0.004913493095955346,0.00685737966614397,0.007221954270789865,0.005689319244993385,128,23,0.1796875,0.12282459974516051,0.25521626286755583,0.003567683664641663,0.01123622453178541,0.006973437797569204,0.0062133116457516735,0.011239458229283628,0.0071090588680817746
nominal-active,Active: nominal,active,2,0,1500,18432000,derived_substep,current_qpos,11a591f7a2129484d555caf115fcdbf1a709a0c9,/n/holylabs/pgozdil_lab/Lab/active-perception/active_perception_so101/logs/pilots/plug_active_clean_gru_v0_s0_n512_20261007T180020Z/model_1499.pt,artifacts/plug_analysis/camera_controls/nominal-active/evaluation-repeat2.json,9eb72b74cbbed02798d7080ea92b0509d83f95685f3fabe7269a555742afde0e,512,102,0.19921875,0.16691827849863472,0.23599904283466194,8.621601349674165,3.3285937341861427,2.559215683563083,0.010446739473763955,nominal-active,1,0,0,0,0,86,40,46,6,86,0,0,0,0,0,128,0,0.0,0,0.029136956273508416,-0.003914010711014271,0.0021885542719246587,0.00235413385235006,0.00586780603043735,0.0026394632859592093,0.003311832835606765,128,29,0.2265625,0.16263248458646726,0.30642678837560766,0.0014534483361785533,-0.00046412308802246116,0.0009501221284153871,0.002384938632530975,0.002040007631876506,0.0023632503653061576,128,54,0.421875,0.3398211233888366,0.5084815260288991,0.005190670220144966,-0.007774140030960552,0.004282702306227293,0.006628295260270534,0.008005722411326133,0.005112355203891639,128,19,0.1484375,0.09713463115350009,0.22022729122631057,0.004419113498443039,0.01207997617439105,0.007396000211883802,0.006345042211250984,0.01207997617439105,0.007539988167991396
freeze1-active,Active: freeze targets at 1 s,active,1,0,1500,18432000,derived_substep,current_qpos,11a591f7a2129484d555caf115fcdbf1a709a0c9,/n/holylabs/pgozdil_lab/Lab/active-perception/active_perception_so101/logs/pilots/plug_active_clean_gru_v0_s0_n512_20261007T180020Z/model_1499.pt,artifacts/plug_analysis/camera_controls/freeze1-active/evaluation-repeat1.json,dfc84547304291efeb127535da1d956d36580f373fdfeed4a0d98f0fa1d71561,512,17,0.033203125,0.02083204403601035,0.05252665595527472,2.9193596807308495,3.4824999808333814,2.390588213415707,0.01956207545254074,nominal-active,1,0,0,0,0,95,87,8,-79,15,0,0,0,0,0,128,0,0.0,0,0.029136956273508416,-0.0008733458162168972,0.0035900389739254024,0.0026038302676170133,0.005043006276537199,0.004169441654084949,0.0032200553760048933,128,0,0.0,0,0.029136956273508416,0.020598505449015647,0.004626756289326295,0.008339024789165705,0.020611003186786547,0.006102589045440254,0.00841853825841099,128,16,0.125,0.07842644638761664,0.19342627081751468,0.009724543520860607,-0.004717935196822509,0.0037306148587958887,0.010295459203916835,0.006263603281695396,0.005327538543497212,128,1,0.0078125,0.0013804318928742412,0.04292625943886061,0.013038467852311442,0.025560316778864944,0.00803583848028211,0.013580208677012706,0.025560316778864944,0.008183499427104834
freeze1-active,Active: freeze targets at 1 s,active,2,0,1500,18432000,derived_substep,current_qpos,11a591f7a2129484d555caf115fcdbf1a709a0c9,/n/holylabs/pgozdil_lab/Lab/active-perception/active_perception_so101/logs/pilots/plug_active_clean_gru_v0_s0_n512_20261007T180020Z/model_1499.pt,artifacts/plug_analysis/camera_controls/freeze1-active/evaluation-repeat2.json,7acac6c7814f6b2d75f123084b2f807c7d5d899d763d5b6d821e5c37fa4d1a60,512,18,0.03515625,0.022351806085305896,0.05488405415706165,2.9193558790721,3.481640606885776,2.4288888971010842,0.01990161363437437,nominal-active,2,0,0,0,0,102,93,9,-84,15,0,0,0,0,0,128,0,0.0,0,0.029136956273508416,0.0006261925518629141,0.004065845656441525,0.002863191970391199,0.004719831464171875,0.00432244103285484,0.0034392976376693696,128,0,0.0,0,0.029136956273508416,0.020526697662717197,0.0042204252913506934,0.007844018044124823,0.020544292237900663,0.006127620423285407,0.007955529268656392,128,15,0.1171875,0.07231682349355734,0.18436615865334754,0.010722833569161594,-0.004445739352377132,0.004904904191789683,0.011257995865889825,0.007184889604104683,0.006174266316520516,128,3,0.0234375,0.008002416396755481,0.06664374505143222,0.013392927347013028,0.024620523039629916,0.008385773151530884,0.014040494850632967,0.024736822644626955,0.008520917166606523
nominal-initial,Initial: nominal,initial,1,0,1500,18432000,derived_substep,current_qpos,11a591f7a2129484d555caf115fcdbf1a709a0c9,/n/holylabs/pgozdil_lab/Lab/active-perception/active_perception_so101/logs/pilots/plug_initial_clean_gru_v0_s0_n512_20261007T180020Z/model_1499.pt,artifacts/plug_analysis/camera_controls/nominal-initial/evaluation-repeat1.json,5ea19d61a8832459fbce29f79f2e23802ea6f0228bc99f8ebeb357a4b114493a,512,152,0.296875,0.25893172164947037,0.33784361223795073,2.1077579939737916,3.149687485070899,2.2726315738339173,0.0073767343208146485,,,,,,,,,,,73,0,0,0,0,0,128,0,0.0,0,0.029136956273508416,-0.0034650055167730898,-0.0001853051180660259,0.0025992421578848734,0.005017950927140191,0.0028367449558572844,0.0032900757651077583,128,38,0.296875,0.22458166083566666,0.3810052276504461,-0.00010738748187577585,-2.728952676989138e-05,-0.0004133274414925836,0.0010905355175054865,0.0018123106201528572,0.0011057160954806022,128,51,0.3984375,0.3177758511189852,0.4850175931240712,0.003483626266643114,-0.007836793403839692,0.003893096320098266,0.005515904772437352,0.00860718431067653,0.004669109854148701,128,63,0.4921875,0.4070774941965585,0.5777527707452151,0.0007329127483899356,0.003970945581841079,0.002747247061051894,0.0029012465302002965,0.0041875732790686016,0.003358840760483872
nominal-initial,Initial: nominal,initial,2,0,1500,18432000,derived_substep,current_qpos,11a591f7a2129484d555caf115fcdbf1a709a0c9,/n/holylabs/pgozdil_lab/Lab/active-perception/active_perception_so101/logs/pilots/plug_initial_clean_gru_v0_s0_n512_20261007T180020Z/model_1499.pt,artifacts/plug_analysis/camera_controls/nominal-initial/evaluation-repeat2.json,a0f4e365a15c1d8538e5433a1dfdc494c7fc7bf76744011bfa46f0be1fe9076f,512,149,0.291015625,0.25334281371732637,0.33180103941684724,2.1090761395171285,3.188671861542389,2.3814765102911317,0.007673215862894267,nominal-initial,1,0,0,0,0,73,38,35,-3,73,0,0,0,0,0,128,0,0.0,0,0.029136956273508416,-0.0051898550082114525,-0.000402861509428476,0.0026102444098796695,0.005943984280747827,0.0023901451804704266,0.0032877254707273096,128,35,0.2734375,0.20366999780458017,0.3564076855068533,0.00010771015877253376,-5.747590330429375e-05,-0.000446697544248309,0.0013998344911669847,0.0018667791846382897,0.0011275987126282416,128,54,0.421875,0.3398211233888366,0.5084815260288991,0.004807629203241959,-0.008757834664720576,0.00407679191994248,0.005788740226307709,0.008919091364077758,0.004803282245120499,128,60,0.46875,0.3844747677270395,0.5548462920400548,0.0002027761720455601,0.004173625356997945,0.002951360736915376,0.0024385336719205952,0.004498541327848216,0.003506178043608088
hold1-initial,Initial: stale external after 1 s,initial,1,0,1500,18432000,derived_substep,current_qpos,11a591f7a2129484d555caf115fcdbf1a709a0c9,/n/holylabs/pgozdil_lab/Lab/active-perception/active_perception_so101/logs/pilots/plug_initial_clean_gru_v0_s0_n512_20261007T180020Z/model_1499.pt,artifacts/plug_analysis/camera_controls/hold1-initial/evaluation-repeat1.json,3bdc1bc5950811a1ab1adcb139ebd94d66b90d507de7b159e65d8e1c559fb120,512,152,0.296875,0.25893172164947037,0.33784361223795073,2.108050265815109,3.168046861886978,2.334473685214394,0.007251300188727328,nominal-initial,1,0,0,0,0,88,44,44,0,92,0,0,0,0,0,128,0,0.0,0,0.029136956273508416,-0.0040700653262319975,-0.00020864897487626877,0.002820871253788937,0.0051983747180202045,0.0028193479538458632,0.003590863685531076,128,35,0.2734375,0.20366999780458017,0.3564076855068533,-0.0001537770549475681,-0.00043004242252209224,-0.00029922608518972993,0.0012403081518641557,0.0018124876369256526,0.0013421655166894197,128,53,0.4140625,0.33245150577514415,0.5006814085843652,0.002688866982680338,-0.0089441721647745,0.0039019687101244926,0.004454753189747862,0.009498804996837862,0.0046594663872383535,128,64,0.5,0.41465224626050723,0.5853477537394928,-0.0006479872054114821,0.003190732957136788,0.0025822201787377708,0.0023314062045756145,0.0033830771531029313,0.003221193626814056
hold1-initial,Initial: stale external after 1 s,initial,2,0,1500,18432000,derived_substep,current_qpos,11a591f7a2129484d555caf115fcdbf1a709a0c9,/n/holylabs/pgozdil_lab/Lab/active-perception/active_perception_so101/logs/pilots/plug_initial_clean_gru_v0_s0_n512_20261007T180020Z/model_1499.pt,artifacts/plug_analysis/camera_controls/hold1-initial/evaluation-repeat2.json,31482928c44435f772f648ac61a68e4b861a3414e14a2a2596897b98772f113e,512,148,0.2890625,0.251481576775283,0.3297851161078082,2.108560689492151,3.1774999846238643,2.3351351288524835,0.007488298170642338,nominal-initial,2,0,0,0,0,97,49,48,-1,92,0,0,0,0,0,128,0,0.0,0,0.029136956273508416,-0.004145266459090635,-0.0006325677095446736,0.002549833538068924,0.0049787856405600905,0.0029167909669922665,0.0033779565346776508,128,31,0.2421875,0.17618737999242146,0.3232113630861063,-8.076164772319316e-05,-0.00015609470028721262,-0.00012033385428367183,0.00134036011399985,0.0018062469371216139,0.0014331346828839742,128,56,0.4375,0.35462313127053047,0.5240189882636581,0.002929869402123586,-0.009890434012049809,0.0037879996161791496,0.004817694498797209,0.01021978707285598,0.004535584223049227,128,61,0.4765625,0.3919887260658145,0.5625020687595063,-0.0002433308754916652,0.003222265696422255,0.0025170466396957636,0.0028013843248118064,0.0033911578002516762,0.0030926158651709557
resetmemory-initial,Initial: reset whole GRU every step,initial,1,0,1500,18432000,derived_substep,current_qpos,11a591f7a2129484d555caf115fcdbf1a709a0c9,/n/holylabs/pgozdil_lab/Lab/active-perception/active_perception_so101/logs/pilots/plug_initial_clean_gru_v0_s0_n512_20261007T180020Z/model_1499.pt,artifacts/plug_analysis/camera_controls/resetmemory-initial/evaluation-repeat1.json,d0e6da62047eddbde8a6aaf2f38814da41522dfc704ffc8c73594e643b3c45d2,512,6,0.01171875,0.00538157169683981,0.025328365532537866,1.8130026326980442,3.507656231056899,2.466666658719381,0.016790208833526776,nominal-initial,1,0,0,0,0,152,149,3,-146,12,0,0,0,0,0,128,0,0.0,0,0.029136956273508416,-0.013272391297505237,-0.0013179037714508013,0.006984134568483569,0.013522803026717156,0.005822004376568657,0.006991368005401455,128,2,0.015625,0.004295449710144082,0.055180976679817195,0.009496258733634022,0.0004388828128867317,0.004924010194372386,0.0102315860985982,0.003574057041987544,0.00556175407837145,128,1,0.0078125,0.0013804318928742412,0.04292625943886061,0.0008756696370255668,-0.0125495999091072,0.006496648267784622,0.00680994664071477,0.012725977678201161,0.007148369601054583,128,3,0.0234375,0.008002416396755481,0.06664374505143222,0.000561480623218813,0.014035722833796171,0.007206644855614286,0.006897697205204167,0.01405702232659678,0.007498531347664539
resetmemory-initial,Initial: reset whole GRU every step,initial,2,0,1500,18432000,derived_substep,current_qpos,11a591f7a2129484d555caf115fcdbf1a709a0c9,/n/holylabs/pgozdil_lab/Lab/active-perception/active_perception_so101/logs/pilots/plug_initial_clean_gru_v0_s0_n512_20261007T180020Z/model_1499.pt,artifacts/plug_analysis/camera_controls/resetmemory-initial/evaluation-repeat2.json,c4a2688404a4069cc49dd22c5d140504041202d3b5c8e3907ffcebc0d1cb415d,512,10,0.01953125,0.010642921854633284,0.03557565637907435,1.8128105320502073,3.5058593563735485,2.7960000038146973,0.016733397646248704,nominal-initial,2,0,0,0,0,147,143,4,-139,12,0,0,0,0,0,128,0,0.0,0,0.029136956273508416,-0.012009646532533225,-0.0024197507082135417,0.007178757899964694,0.012363847701635677,0.005833187526150141,0.0071904903670656495,128,1,0.0078125,0.0013804318928742412,0.04292625943886061,0.010143779430109134,0.0005454395986816962,0.005180544074391946,0.010834151685230609,0.003918913950656133,0.005838603334268555,128,1,0.0078125,0.0013804318928742412,0.04292625943886061,0.0005182981267353171,-0.012459036115615163,0.006163554040540475,0.006331898738608288,0.01267358614859404,0.00670118960988475,128,8,0.0625,0.03200692569506119,0.11848791104425865,0.00012875094216724392,0.013629514149215538,0.00695241767243715,0.007295148976481869,0.013688650833501015,0.007298271455510985
