condition,variant,episode,success,captured_steps,last_preterminal_error_mm,minimum_preterminal_error_mm,camera_joint_travel_pre_1s_rad,camera_joint_travel_post_1s_rad,external_camera_cartesian_travel_m,external_camera_orientation_travel_rad,external_geometric_prong_visibility_fraction,external_any_prong_visible_time_fraction,wrist_any_prong_visible_time_fraction,native_reconstructed_max_contacts,native_reconstructed_camera_contact_steps,manipulation_action_clipped_fraction,camera_action_clipped_fraction,camera_target_max_change_post_1s_rad,trace,policy_video,outside_video,poster_prefix
active,xm,0,False,88,3.1319966316223145,2.9093828201293945,2.874328851699829,4.091843605041504,0.29901956418612413,1.8575903955300617,0.0,0.0,0.0,24,0,0.16287878787878787,0.0659090909090909,0.7337066531181335,/n/holylabs/pgozdil_lab/Lab/active-perception/active_perception_so101/artifacts/plug_analysis/corrected-active-s0-traces/xm_failure_episode0.npz,/n/holylabs/pgozdil_lab/Lab/active-perception/active_perception_so101/artifacts/plug_analysis/corrected-active-s0-videos/xm_failure_episode0_policy.mp4,/n/holylabs/pgozdil_lab/Lab/active-perception/active_perception_so101/artifacts/plug_analysis/corrected-active-s0-videos/xm_failure_episode0_outside.mp4,corrected-
active,xp,1,False,88,2.389970302581787,1.1830918788909912,4.558533191680908,3.9954352378845215,0.44159505792131715,2.219097090693168,0.0,0.0,0.7159090909090909,21,0,0.007575757575757576,0.056818181818181816,0.48268425464630127,/n/holylabs/pgozdil_lab/Lab/active-perception/active_perception_so101/artifacts/plug_analysis/corrected-active-s0-traces/xp_failure_episode1.npz,/n/holylabs/pgozdil_lab/Lab/active-perception/active_perception_so101/artifacts/plug_analysis/corrected-active-s0-videos/xp_failure_episode1_policy.mp4,/n/holylabs/pgozdil_lab/Lab/active-perception/active_perception_so101/artifacts/plug_analysis/corrected-active-s0-videos/xp_failure_episode1_outside.mp4,corrected-
active,ym,2,False,88,31.980396270751953,9.277542114257812,2.682569980621338,6.037112236022949,0.3809172827246251,2.694410792584805,0.0,0.0,0.0,16,0,0.022727272727272728,0.05454545454545454,0.6861057281494141,/n/holylabs/pgozdil_lab/Lab/active-perception/active_perception_so101/artifacts/plug_analysis/corrected-active-s0-traces/ym_failure_episode2.npz,/n/holylabs/pgozdil_lab/Lab/active-perception/active_perception_so101/artifacts/plug_analysis/corrected-active-s0-videos/ym_failure_episode2_policy.mp4,/n/holylabs/pgozdil_lab/Lab/active-perception/active_perception_so101/artifacts/plug_analysis/corrected-active-s0-videos/ym_failure_episode2_outside.mp4,corrected-
active,yp,3,True,49,1.7839946746826172,1.7839946746826172,3.335442543029785,3.159146547317505,0.28067894184808706,1.846094404411443,0.1689342403628118,0.8367346938775511,0.0,15,0,0.04081632653061224,0.10612244897959183,0.6159098148345947,/n/holylabs/pgozdil_lab/Lab/active-perception/active_perception_so101/artifacts/plug_analysis/corrected-active-s0-traces/yp_success_episode3.npz,/n/holylabs/pgozdil_lab/Lab/active-perception/active_perception_so101/artifacts/plug_analysis/corrected-active-s0-videos/yp_success_episode3_policy.mp4,/n/holylabs/pgozdil_lab/Lab/active-perception/active_perception_so101/artifacts/plug_analysis/corrected-active-s0-videos/yp_success_episode3_outside.mp4,corrected-
active,xp,5,True,78,1.3853347301483154,1.3853347301483154,4.034858226776123,4.298877716064453,0.350216837910187,2.15420439570484,0.0,0.0,0.9487179487179487,13,0,0.09401709401709402,0.03076923076923077,0.5291967391967773,/n/holylabs/pgozdil_lab/Lab/active-perception/active_perception_so101/artifacts/plug_analysis/corrected-active-s0-traces/xp_success_episode5.npz,/n/holylabs/pgozdil_lab/Lab/active-perception/active_perception_so101/artifacts/plug_analysis/corrected-active-s0-videos/xp_success_episode5_policy.mp4,/n/holylabs/pgozdil_lab/Lab/active-perception/active_perception_so101/artifacts/plug_analysis/corrected-active-s0-videos/xp_success_episode5_outside.mp4,corrected-
active,yp,7,False,88,15.170917510986328,12.0697660446167,3.4253852367401123,4.867847919464111,0.4075727213381899,2.169346341172213,0.206439393939394,1.0,0.0,18,0,0.003787878787878788,0.03636363636363636,0.539094090461731,/n/holylabs/pgozdil_lab/Lab/active-perception/active_perception_so101/artifacts/plug_analysis/corrected-active-s0-traces/yp_failure_episode7.npz,/n/holylabs/pgozdil_lab/Lab/active-perception/active_perception_so101/artifacts/plug_analysis/corrected-active-s0-videos/yp_failure_episode7_policy.mp4,/n/holylabs/pgozdil_lab/Lab/active-perception/active_perception_so101/artifacts/plug_analysis/corrected-active-s0-videos/yp_failure_episode7_outside.mp4,corrected-
active,ym,14,True,80,0.5595427751541138,0.5595427751541138,3.144768238067627,5.6880106925964355,0.3450882040756663,2.3340215340874058,0.0,0.0,0.0,26,0,0.09583333333333334,0.0275,0.6482483744621277,/n/holylabs/pgozdil_lab/Lab/active-perception/active_perception_so101/artifacts/plug_analysis/corrected-active-s0-traces/ym_success_episode14.npz,/n/holylabs/pgozdil_lab/Lab/active-perception/active_perception_so101/artifacts/plug_analysis/corrected-active-s0-videos/ym_success_episode14_policy.mp4,/n/holylabs/pgozdil_lab/Lab/active-perception/active_perception_so101/artifacts/plug_analysis/corrected-active-s0-videos/ym_success_episode14_outside.mp4,corrected-
initial,xm,0,False,88,5.320864200592041,2.31738543510437,2.0812718868255615,0.139658123254776,0.132171640679046,0.7826042769614845,0.023358585858585856,0.2727272727272727,0.0,24,23,0.17803030303030304,0.045454545454545456,0.0,/n/holylabs/pgozdil_lab/Lab/active-perception/active_perception_so101/artifacts/plug_analysis/corrected-initial-s0-traces/xm_failure_episode0.npz,/n/holylabs/pgozdil_lab/Lab/active-perception/active_perception_so101/artifacts/plug_analysis/corrected-initial-s0-videos/xm_failure_episode0_policy.mp4,/n/holylabs/pgozdil_lab/Lab/active-perception/active_perception_so101/artifacts/plug_analysis/corrected-initial-s0-videos/xm_failure_episode0_outside.mp4,corrected-
initial,xp,1,False,88,2.3454437255859375,2.1293909549713135,1.9398409128189087,0.0001840442419052124,0.10668923294861307,0.7710725858013913,0.0,0.0,0.6136363636363636,28,0,0.03409090909090909,0.05,0.0,/n/holylabs/pgozdil_lab/Lab/active-perception/active_perception_so101/artifacts/plug_analysis/corrected-initial-s0-traces/xp_failure_episode1.npz,/n/holylabs/pgozdil_lab/Lab/active-perception/active_perception_so101/artifacts/plug_analysis/corrected-initial-s0-videos/xp_failure_episode1_policy.mp4,/n/holylabs/pgozdil_lab/Lab/active-perception/active_perception_so101/artifacts/plug_analysis/corrected-initial-s0-videos/xp_failure_episode1_outside.mp4,corrected-
initial,ym,2,True,81,1.8056310415267944,1.8056310415267944,1.6116889715194702,0.036760345101356506,0.10697931141410064,0.5201597671726113,0.0,0.0,0.0,26,1,0.18518518518518517,0.15555555555555556,0.0,/n/holylabs/pgozdil_lab/Lab/active-perception/active_perception_so101/artifacts/plug_analysis/corrected-initial-s0-traces/ym_success_episode2.npz,/n/holylabs/pgozdil_lab/Lab/active-perception/active_perception_so101/artifacts/plug_analysis/corrected-initial-s0-videos/ym_success_episode2_policy.mp4,/n/holylabs/pgozdil_lab/Lab/active-perception/active_perception_so101/artifacts/plug_analysis/corrected-initial-s0-videos/ym_success_episode2_outside.mp4,corrected-
initial,yp,3,True,50,1.7287707328796387,1.0143595933914185,2.1632773876190186,0.0023338347673416138,0.13212318695172504,0.8341043638028204,0.011111111111111112,0.08,0.0,14,0,0.14666666666666667,0.14,0.0,/n/holylabs/pgozdil_lab/Lab/active-perception/active_perception_so101/artifacts/plug_analysis/corrected-initial-s0-traces/yp_success_episode3.npz,/n/holylabs/pgozdil_lab/Lab/active-perception/active_perception_so101/artifacts/plug_analysis/corrected-initial-s0-videos/yp_success_episode3_policy.mp4,/n/holylabs/pgozdil_lab/Lab/active-perception/active_perception_so101/artifacts/plug_analysis/corrected-initial-s0-videos/yp_success_episode3_outside.mp4,corrected-
initial,xp,5,True,66,1.3255350589752197,0.9280124306678772,1.8247568607330322,6.9141387939453125e-06,0.09901774862245392,0.6817116494623334,0.0,0.0,0.8636363636363636,16,0,0.04040404040404041,0.03333333333333333,0.0,/n/holylabs/pgozdil_lab/Lab/active-perception/active_perception_so101/artifacts/plug_analysis/corrected-initial-s0-traces/xp_success_episode5.npz,/n/holylabs/pgozdil_lab/Lab/active-perception/active_perception_so101/artifacts/plug_analysis/corrected-initial-s0-videos/xp_success_episode5_policy.mp4,/n/holylabs/pgozdil_lab/Lab/active-perception/active_perception_so101/artifacts/plug_analysis/corrected-initial-s0-videos/xp_success_episode5_outside.mp4,corrected-
initial,yp,7,False,88,18.166057586669922,11.16494083404541,2.2377212047576904,0.0025454163551330566,0.1275130607634461,0.7962769495642418,0.005681818181818182,0.045454545454545456,0.0,17,0,0.08712121212121213,0.045454545454545456,0.0,/n/holylabs/pgozdil_lab/Lab/active-perception/active_perception_so101/artifacts/plug_analysis/corrected-initial-s0-traces/yp_failure_episode7.npz,/n/holylabs/pgozdil_lab/Lab/active-perception/active_perception_so101/artifacts/plug_analysis/corrected-initial-s0-videos/yp_failure_episode7_policy.mp4,/n/holylabs/pgozdil_lab/Lab/active-perception/active_perception_so101/artifacts/plug_analysis/corrected-initial-s0-videos/yp_failure_episode7_outside.mp4,corrected-
initial,ym,10,False,88,29.405481338500977,10.26379108428955,2.69197940826416,0.016521664336323738,0.10596857555037259,0.9515917967445215,0.0,0.0,0.0,14,0,0.12878787878787878,0.07272727272727272,0.0,/n/holylabs/pgozdil_lab/Lab/active-perception/active_perception_so101/artifacts/plug_analysis/corrected-initial-s0-traces/ym_failure_episode10.npz,/n/holylabs/pgozdil_lab/Lab/active-perception/active_perception_so101/artifacts/plug_analysis/corrected-initial-s0-videos/ym_failure_episode10_policy.mp4,/n/holylabs/pgozdil_lab/Lab/active-perception/active_perception_so101/artifacts/plug_analysis/corrected-initial-s0-videos/ym_failure_episode10_outside.mp4,corrected-
wrist,xm,0,False,88,45.9539909362793,43.33027648925781,0.0012987195514142513,0.0,0.0,2.592802047729492e-06,,,0.0,18,0,0.0,,0.0,/n/holylabs/pgozdil_lab/Lab/active-perception/active_perception_so101/artifacts/plug_analysis/corrected-wrist-s0-traces/xm_failure_episode0.npz,/n/holylabs/pgozdil_lab/Lab/active-perception/active_perception_so101/artifacts/plug_analysis/corrected-wrist-s0-videos/xm_failure_episode0_policy.mp4,/n/holylabs/pgozdil_lab/Lab/active-perception/active_perception_so101/artifacts/plug_analysis/corrected-wrist-s0-videos/xm_failure_episode0_outside.mp4,corrected-
wrist,xp,1,False,88,20.802217483520508,14.769124031066895,0.001298749353736639,0.0,0.0,2.592802047729492e-06,,,1.0,12,0,0.026515151515151516,,0.0,/n/holylabs/pgozdil_lab/Lab/active-perception/active_perception_so101/artifacts/plug_analysis/corrected-wrist-s0-traces/xp_failure_episode1.npz,/n/holylabs/pgozdil_lab/Lab/active-perception/active_perception_so101/artifacts/plug_analysis/corrected-wrist-s0-videos/xp_failure_episode1_policy.mp4,/n/holylabs/pgozdil_lab/Lab/active-perception/active_perception_so101/artifacts/plug_analysis/corrected-wrist-s0-videos/xp_failure_episode1_outside.mp4,corrected-
wrist,ym,2,False,88,11.627348899841309,11.327510833740234,0.0012987046502530575,0.0,0.0,2.592802047729492e-06,,,0.0,14,0,0.0,,0.0,/n/holylabs/pgozdil_lab/Lab/active-perception/active_perception_so101/artifacts/plug_analysis/corrected-wrist-s0-traces/ym_failure_episode2.npz,/n/holylabs/pgozdil_lab/Lab/active-perception/active_perception_so101/artifacts/plug_analysis/corrected-wrist-s0-videos/ym_failure_episode2_policy.mp4,/n/holylabs/pgozdil_lab/Lab/active-perception/active_perception_so101/artifacts/plug_analysis/corrected-wrist-s0-videos/ym_failure_episode2_outside.mp4,corrected-
wrist,yp,3,False,88,27.251230239868164,11.97974681854248,0.0012987046502530575,0.0,0.0,2.592802047729492e-06,,,0.0,15,0,0.045454545454545456,,0.0,/n/holylabs/pgozdil_lab/Lab/active-perception/active_perception_so101/artifacts/plug_analysis/corrected-wrist-s0-traces/yp_failure_episode3.npz,/n/holylabs/pgozdil_lab/Lab/active-perception/active_perception_so101/artifacts/plug_analysis/corrected-wrist-s0-videos/yp_failure_episode3_policy.mp4,/n/holylabs/pgozdil_lab/Lab/active-perception/active_perception_so101/artifacts/plug_analysis/corrected-wrist-s0-videos/yp_failure_episode3_outside.mp4,corrected-
wrist,yp,31,True,86,1.0850902795791626,1.0850902795791626,0.0012987195514142513,0.0,0.0,2.5331974029541016e-06,,,0.0,17,0,0.015503875968992248,,0.0,/n/holylabs/pgozdil_lab/Lab/active-perception/active_perception_so101/artifacts/plug_analysis/corrected-wrist-s0-traces/yp_success_episode31.npz,/n/holylabs/pgozdil_lab/Lab/active-perception/active_perception_so101/artifacts/plug_analysis/corrected-wrist-s0-videos/yp_success_episode31_policy.mp4,/n/holylabs/pgozdil_lab/Lab/active-perception/active_perception_so101/artifacts/plug_analysis/corrected-wrist-s0-videos/yp_success_episode31_outside.mp4,corrected-
wrist_static,xm,0,False,88,21.013351440429688,19.246610641479492,0.0012987270019948483,0.0,0.0,0.0,0.39204545454545453,1.0,0.0,19,0,0.0,,0.0,/n/holylabs/pgozdil_lab/Lab/active-perception/active_perception_so101/artifacts/plug_analysis/corrected-wrist_static-s0-traces/xm_failure_episode0.npz,/n/holylabs/pgozdil_lab/Lab/active-perception/active_perception_so101/artifacts/plug_analysis/corrected-wrist_static-s0-videos/xm_failure_episode0_policy.mp4,/n/holylabs/pgozdil_lab/Lab/active-perception/active_perception_so101/artifacts/plug_analysis/corrected-wrist_static-s0-videos/xm_failure_episode0_outside.mp4,corrected-
wrist_static,xp,1,False,88,26.348569869995117,12.48436164855957,0.0012987121008336544,0.0,0.0,0.0,0.44191919191919204,1.0,1.0,14,0,0.0,,0.0,/n/holylabs/pgozdil_lab/Lab/active-perception/active_perception_so101/artifacts/plug_analysis/corrected-wrist_static-s0-traces/xp_failure_episode1.npz,/n/holylabs/pgozdil_lab/Lab/active-perception/active_perception_so101/artifacts/plug_analysis/corrected-wrist_static-s0-videos/xp_failure_episode1_policy.mp4,/n/holylabs/pgozdil_lab/Lab/active-perception/active_perception_so101/artifacts/plug_analysis/corrected-wrist_static-s0-videos/xp_failure_episode1_outside.mp4,corrected-
wrist_static,ym,2,False,88,23.287830352783203,11.38853931427002,0.0012987270019948483,0.0,0.0,0.0,0.07323232323232322,0.32954545454545453,0.0,14,0,0.0,,0.0,/n/holylabs/pgozdil_lab/Lab/active-perception/active_perception_so101/artifacts/plug_analysis/corrected-wrist_static-s0-traces/ym_failure_episode2.npz,/n/holylabs/pgozdil_lab/Lab/active-perception/active_perception_so101/artifacts/plug_analysis/corrected-wrist_static-s0-videos/ym_failure_episode2_policy.mp4,/n/holylabs/pgozdil_lab/Lab/active-perception/active_perception_so101/artifacts/plug_analysis/corrected-wrist_static-s0-videos/ym_failure_episode2_outside.mp4,corrected-
wrist_static,yp,3,False,88,25.684314727783203,10.599928855895996,0.0012987270019948483,0.0,0.0,0.0,0.5555555555555555,1.0,0.0,19,0,0.0,,0.0,/n/holylabs/pgozdil_lab/Lab/active-perception/active_perception_so101/artifacts/plug_analysis/corrected-wrist_static-s0-traces/yp_failure_episode3.npz,/n/holylabs/pgozdil_lab/Lab/active-perception/active_perception_so101/artifacts/plug_analysis/corrected-wrist_static-s0-videos/yp_failure_episode3_policy.mp4,/n/holylabs/pgozdil_lab/Lab/active-perception/active_perception_so101/artifacts/plug_analysis/corrected-wrist_static-s0-videos/yp_failure_episode3_outside.mp4,corrected-
wrist_static,xp,25,True,68,1.9764323234558105,1.7486234903335571,0.0012987270019948483,0.0,0.0,0.0,0.37254901960784315,0.8382352941176471,0.8823529411764706,15,0,0.0,,0.0,/n/holylabs/pgozdil_lab/Lab/active-perception/active_perception_so101/artifacts/plug_analysis/corrected-wrist_static-s0-traces/xp_success_episode25.npz,/n/holylabs/pgozdil_lab/Lab/active-perception/active_perception_so101/artifacts/plug_analysis/corrected-wrist_static-s0-videos/xp_success_episode25_policy.mp4,/n/holylabs/pgozdil_lab/Lab/active-perception/active_perception_so101/artifacts/plug_analysis/corrected-wrist_static-s0-videos/xp_success_episode25_outside.mp4,corrected-
wrist_static,yp,111,True,77,1.8895313739776611,1.6291671991348267,0.0012987195514142513,0.0,0.0,0.0,0.25108225108225113,0.4675324675324675,0.0,18,0,0.0,,0.0,/n/holylabs/pgozdil_lab/Lab/active-perception/active_perception_so101/artifacts/plug_analysis/corrected-wrist_static-s0-traces/yp_success_episode111.npz,/n/holylabs/pgozdil_lab/Lab/active-perception/active_perception_so101/artifacts/plug_analysis/corrected-wrist_static-s0-videos/yp_success_episode111_policy.mp4,/n/holylabs/pgozdil_lab/Lab/active-perception/active_perception_so101/artifacts/plug_analysis/corrected-wrist_static-s0-videos/yp_success_episode111_outside.mp4,corrected-
