stage,case,execution,source_report,source_report_sha256,checkpoint,training_seed,variant,episodes,successes,success_rate,mean_terminal_error_mm,median_terminal_error_mm,p25_terminal_error_mm,p75_terminal_error_mm,p90_terminal_error_mm,mean_unsuccessful_terminal_error_mm,terminal_below_2mm_without_success,terminal_below_5mm_fraction,terminal_below_10mm_fraction,terminal_below_20mm_fraction,physical_criterion_violations
original_checkpoints,active,corrected-active-s0,artifacts/plug_analysis/corrected-active-s0.json,4f5cd1fb7386e0889b92c3a37ff6472aa724274a8106122351c8867e45e2d7d0,/n/holylabs/pgozdil_lab/Lab/active-perception/active_perception_so101/logs/pilots/plug_active_clean_gru_v0_s0_n512_20261007T180020Z/model_1499.pt,0,xm,128,0,0.0,8.143266324623255,3.115561557933688,2.9267212958075106,16.40185760334134,19.582665152847767,8.143266324623255,0,0.6484375,0.671875,0.96875,0
original_checkpoints,active,corrected-active-s0,artifacts/plug_analysis/corrected-active-s0.json,4f5cd1fb7386e0889b92c3a37ff6472aa724274a8106122351c8867e45e2d7d0,/n/holylabs/pgozdil_lab/Lab/active-perception/active_perception_so101/logs/pilots/plug_active_clean_gru_v0_s0_n512_20261007T180020Z/model_1499.pt,0,xp,128,30,0.234375,3.8672602991027816,2.406933926977217,1.8633331346791238,2.821056987158954,10.18017390742898,4.584242331994964,11,0.875,0.8828125,0.96875,0
original_checkpoints,active,corrected-active-s0,artifacts/plug_analysis/corrected-active-s0.json,4f5cd1fb7386e0889b92c3a37ff6472aa724274a8106122351c8867e45e2d7d0,/n/holylabs/pgozdil_lab/Lab/active-perception/active_perception_so101/logs/pilots/plug_active_clean_gru_v0_s0_n512_20261007T180020Z/model_1499.pt,0,ym,128,47,0.3671875,12.380670504626323,7.7620630618184805,1.4744088985025883,21.371793001890182,28.498581610620022,18.85058980415012,1,0.46875,0.515625,0.703125,0
original_checkpoints,active,corrected-active-s0,artifacts/plug_analysis/corrected-active-s0.json,4f5cd1fb7386e0889b92c3a37ff6472aa724274a8106122351c8867e45e2d7d0,/n/holylabs/pgozdil_lab/Lab/active-perception/active_perception_so101/logs/pilots/plug_active_clean_gru_v0_s0_n512_20261007T180020Z/model_1499.pt,0,yp,128,25,0.1953125,15.149166494666133,16.909077763557434,2.8373138629831374,22.71507913246751,29.33935970067978,18.541002082095925,1,0.34375,0.3515625,0.609375,0
original_checkpoints,initial,corrected-initial-s0,artifacts/plug_analysis/corrected-initial-s0.json,2b68f59155948bcb662a74face33115166b13391aa2cc82adde386abdead2cae,/n/holylabs/pgozdil_lab/Lab/active-perception/active_perception_so101/logs/pilots/plug_initial_clean_gru_v0_s0_n512_20261007T180020Z/model_1499.pt,0,xm,128,0,0.0,7.822169235623733,3.2776829320937395,2.8997481567785144,16.27429574728012,19.664767384529114,7.822169235623733,1,0.671875,0.7109375,0.9765625,0
original_checkpoints,initial,corrected-initial-s0,artifacts/plug_analysis/corrected-initial-s0.json,2b68f59155948bcb662a74face33115166b13391aa2cc82adde386abdead2cae,/n/holylabs/pgozdil_lab/Lab/active-perception/active_perception_so101/logs/pilots/plug_initial_clean_gru_v0_s0_n512_20261007T180020Z/model_1499.pt,0,xp,128,36,0.28125,2.4328651570613147,2.2585694678127766,1.8457586993463337,2.5312898214906454,3.120513749308884,2.7688486822982035,11,0.984375,0.984375,1.0,0
original_checkpoints,initial,corrected-initial-s0,artifacts/plug_analysis/corrected-initial-s0.json,2b68f59155948bcb662a74face33115166b13391aa2cc82adde386abdead2cae,/n/holylabs/pgozdil_lab/Lab/active-perception/active_perception_so101/logs/pilots/plug_initial_clean_gru_v0_s0_n512_20261007T180020Z/model_1499.pt,0,ym,128,53,0.4140625,12.249429268649692,3.005099599249661,1.4574346132576466,22.856975439935923,29.988653399050236,19.984383047558367,3,0.5078125,0.5234375,0.703125,0
original_checkpoints,initial,corrected-initial-s0,artifacts/plug_analysis/corrected-initial-s0.json,2b68f59155948bcb662a74face33115166b13391aa2cc82adde386abdead2cae,/n/holylabs/pgozdil_lab/Lab/active-perception/active_perception_so101/logs/pilots/plug_initial_clean_gru_v0_s0_n512_20261007T180020Z/model_1499.pt,0,yp,128,58,0.453125,7.074923053551174,2.6676973793655634,1.2594375875778496,12.756660347804427,18.538849987089634,11.898672164949987,0,0.6796875,0.7109375,0.921875,0
original_checkpoints,wrist,corrected-wrist-s0,artifacts/plug_analysis/corrected-wrist-s0.json,31eadcd6428484b11347a8137c83525d62e42c478dc05edeb2f1999d71180b54,/n/holylabs/pgozdil_lab/Lab/active-perception/active_perception_so101/logs/pilots/plug_wrist_clean_gru_v0_s0_n512_20261007T180013Z/model_1499.pt,0,xm,128,0,0.0,14.943899754143786,15.685579273849726,3.1500718323513865,19.440547563135624,22.54110723733902,14.943899754143786,0,0.34375,0.3828125,0.828125,0
original_checkpoints,wrist,corrected-wrist-s0,artifacts/plug_analysis/corrected-wrist-s0.json,31eadcd6428484b11347a8137c83525d62e42c478dc05edeb2f1999d71180b54,/n/holylabs/pgozdil_lab/Lab/active-perception/active_perception_so101/logs/pilots/plug_wrist_clean_gru_v0_s0_n512_20261007T180013Z/model_1499.pt,0,xp,128,0,0.0,23.86476832180051,21.941167302429676,20.818603690713644,28.042054269462824,38.36062140762806,23.86476832180051,0,0.1015625,0.109375,0.1171875,0
original_checkpoints,wrist,corrected-wrist-s0,artifacts/plug_analysis/corrected-wrist-s0.json,31eadcd6428484b11347a8137c83525d62e42c478dc05edeb2f1999d71180b54,/n/holylabs/pgozdil_lab/Lab/active-perception/active_perception_so101/logs/pilots/plug_wrist_clean_gru_v0_s0_n512_20261007T180013Z/model_1499.pt,0,ym,128,0,0.0,8.832724432977557,3.2946030842140317,2.9687071219086647,12.179055949673057,23.16805087029934,8.832724432977557,1,0.671875,0.6953125,0.8515625,0
original_checkpoints,wrist,corrected-wrist-s0,artifacts/plug_analysis/corrected-wrist-s0.json,31eadcd6428484b11347a8137c83525d62e42c478dc05edeb2f1999d71180b54,/n/holylabs/pgozdil_lab/Lab/active-perception/active_perception_so101/logs/pilots/plug_wrist_clean_gru_v0_s0_n512_20261007T180013Z/model_1499.pt,0,yp,128,8,0.0625,29.713108830037527,32.7881146222353,23.279935587197542,39.64825812727213,40.74511341750622,31.603957900855068,0,0.0859375,0.09375,0.1875,0
original_checkpoints,wrist_static,corrected-wrist_static-s0,artifacts/plug_analysis/corrected-wrist_static-s0.json,e32d2a3dddd18eaabe62abd6d9784e7c7ee386fb79007d7f3ffa1dea97f22598,/n/holylabs/pgozdil_lab/Lab/active-perception/active_perception_so101/logs/pilots/plug_wrist_static_clean_gru_v7_s0_n512_20261007T180035Z/model_1499.pt,0,xm,128,0,0.0,15.489999372221064,14.391377102583647,11.442687828093767,19.761336036026478,22.148289531469345,15.489999372221064,0,0.078125,0.140625,0.765625,0
original_checkpoints,wrist_static,corrected-wrist_static-s0,artifacts/plug_analysis/corrected-wrist_static-s0.json,e32d2a3dddd18eaabe62abd6d9784e7c7ee386fb79007d7f3ffa1dea97f22598,/n/holylabs/pgozdil_lab/Lab/active-perception/active_perception_so101/logs/pilots/plug_wrist_static_clean_gru_v7_s0_n512_20261007T180035Z/model_1499.pt,0,xp,128,21,0.1640625,8.107877634756733,2.686860621906817,2.091427391860634,13.706453843042254,17.615662887692448,9.369812211648465,10,0.609375,0.609375,0.9296875,0
original_checkpoints,wrist_static,corrected-wrist_static-s0,artifacts/plug_analysis/corrected-wrist_static-s0.json,e32d2a3dddd18eaabe62abd6d9784e7c7ee386fb79007d7f3ffa1dea97f22598,/n/holylabs/pgozdil_lab/Lab/active-perception/active_perception_so101/logs/pilots/plug_wrist_static_clean_gru_v7_s0_n512_20261007T180035Z/model_1499.pt,0,ym,128,0,0.0,21.66157562896842,19.990327768027782,17.74624641984701,23.51439045742154,31.29297066479921,21.66157562896842,0,0.0,0.0078125,0.5078125,0
original_checkpoints,wrist_static,corrected-wrist_static-s0,artifacts/plug_analysis/corrected-wrist_static-s0.json,e32d2a3dddd18eaabe62abd6d9784e7c7ee386fb79007d7f3ffa1dea97f22598,/n/holylabs/pgozdil_lab/Lab/active-perception/active_perception_so101/logs/pilots/plug_wrist_static_clean_gru_v7_s0_n512_20261007T180035Z/model_1499.pt,0,yp,128,2,0.015625,14.515496015519602,15.460774768143892,3.308581653982401,20.920068491250277,25.40845088660717,14.719702316344613,0,0.3125,0.328125,0.703125,0
historical_tuning_checkpoints,baseline,corrected-evaluation-repeat1,artifacts/hparam_search/continuation/baseline/corrected-evaluation-repeat1.json,3a2d8b2e0670cc6edbb8eb9fc12a9aa26c7107f2d7c41c2902fdae78db97cec8,/n/holylabs/pgozdil_lab/Lab/active-perception/active_perception_so101/logs/pilots/plug_wrist_static_clean_gru_v7_s0_n512_20261007T180035Z/model_750.pt,0,xm,128,0,0.0,16.067009089965723,16.03993307799101,12.167754815891385,19.48783127591014,22.346394509077072,16.067009089965723,0,0.0078125,0.09375,0.7890625,0
historical_tuning_checkpoints,baseline,corrected-evaluation-repeat1,artifacts/hparam_search/continuation/baseline/corrected-evaluation-repeat1.json,3a2d8b2e0670cc6edbb8eb9fc12a9aa26c7107f2d7c41c2902fdae78db97cec8,/n/holylabs/pgozdil_lab/Lab/active-perception/active_perception_so101/logs/pilots/plug_wrist_static_clean_gru_v7_s0_n512_20261007T180035Z/model_750.pt,0,xp,128,20,0.15625,7.869820323321619,2.7057016268372536,2.1887858165428042,13.654686277732253,18.034663051366806,9.03603788443703,2,0.59375,0.6171875,0.921875,0
historical_tuning_checkpoints,baseline,corrected-evaluation-repeat1,artifacts/hparam_search/continuation/baseline/corrected-evaluation-repeat1.json,3a2d8b2e0670cc6edbb8eb9fc12a9aa26c7107f2d7c41c2902fdae78db97cec8,/n/holylabs/pgozdil_lab/Lab/active-perception/active_perception_so101/logs/pilots/plug_wrist_static_clean_gru_v7_s0_n512_20261007T180035Z/model_750.pt,0,ym,128,0,0.0,21.410978260973934,20.505638793110847,16.805323772132397,24.08349746838212,30.36169297993183,21.410978260973934,0,0.0,0.0234375,0.4609375,0
historical_tuning_checkpoints,baseline,corrected-evaluation-repeat1,artifacts/hparam_search/continuation/baseline/corrected-evaluation-repeat1.json,3a2d8b2e0670cc6edbb8eb9fc12a9aa26c7107f2d7c41c2902fdae78db97cec8,/n/holylabs/pgozdil_lab/Lab/active-perception/active_perception_so101/logs/pilots/plug_wrist_static_clean_gru_v7_s0_n512_20261007T180035Z/model_750.pt,0,yp,128,0,0.0,13.687037788258749,16.089594922959805,2.8366234619170427,20.57831548154354,25.24890247732401,13.687037788258749,3,0.3671875,0.3828125,0.734375,0
historical_tuning_checkpoints,baseline,corrected-evaluation-repeat2,artifacts/hparam_search/continuation/baseline/corrected-evaluation-repeat2.json,465b5b5f59f0d1d5b020798405f02677a1be8a5a5429b3848783d4d6eca81b22,/n/holylabs/pgozdil_lab/Lab/active-perception/active_perception_so101/logs/pilots/plug_wrist_static_clean_gru_v7_s0_n512_20261007T180035Z/model_750.pt,0,xm,128,0,0.0,15.153626887695282,14.256985392421484,10.721605503931642,19.82430089265108,22.355308011174202,15.153626887695282,0,0.03125,0.1796875,0.7734375,0
historical_tuning_checkpoints,baseline,corrected-evaluation-repeat2,artifacts/hparam_search/continuation/baseline/corrected-evaluation-repeat2.json,465b5b5f59f0d1d5b020798405f02677a1be8a5a5429b3848783d4d6eca81b22,/n/holylabs/pgozdil_lab/Lab/active-perception/active_perception_so101/logs/pilots/plug_wrist_static_clean_gru_v7_s0_n512_20261007T180035Z/model_750.pt,0,xp,128,24,0.1875,7.437111858052958,2.6548312744125724,2.1512582316063344,12.726872926577926,18.125466629862785,8.799824005109258,6,0.6484375,0.6640625,0.9375,0
historical_tuning_checkpoints,baseline,corrected-evaluation-repeat2,artifacts/hparam_search/continuation/baseline/corrected-evaluation-repeat2.json,465b5b5f59f0d1d5b020798405f02677a1be8a5a5429b3848783d4d6eca81b22,/n/holylabs/pgozdil_lab/Lab/active-perception/active_perception_so101/logs/pilots/plug_wrist_static_clean_gru_v7_s0_n512_20261007T180035Z/model_750.pt,0,ym,128,0,0.0,21.39247893501306,20.318432711064816,16.73501031473279,24.275814183056355,29.513645544648167,21.39247893501306,0,0.0,0.0078125,0.453125,0
historical_tuning_checkpoints,baseline,corrected-evaluation-repeat2,artifacts/hparam_search/continuation/baseline/corrected-evaluation-repeat2.json,465b5b5f59f0d1d5b020798405f02677a1be8a5a5429b3848783d4d6eca81b22,/n/holylabs/pgozdil_lab/Lab/active-perception/active_perception_so101/logs/pilots/plug_wrist_static_clean_gru_v7_s0_n512_20261007T180035Z/model_750.pt,0,yp,128,2,0.015625,14.222745334791398,16.958165913820267,3.0627133091911674,20.30319720506668,24.866731464862823,14.432569403970053,2,0.3125,0.359375,0.7421875,0
historical_tuning_checkpoints,both,corrected-evaluation-repeat1,artifacts/hparam_search/continuation/both/corrected-evaluation-repeat1.json,8afdaf3af63b691701b7ee731b730193b46c3374d1120abdc32e49a12b23a5f3,/n/holylabs/pgozdil_lab/Lab/active-perception/active_perception_so101/logs/hparam_search/both/plug_wrist_static_clean_gru_v7_s0_n512_both_20261007T211458Z/model_750.pt,0,xm,128,0,0.0,12.526162028734689,12.849601916968822,2.983738493639976,19.888334907591343,22.067140229046345,12.526162028734689,0,0.3984375,0.4453125,0.7578125,0
historical_tuning_checkpoints,both,corrected-evaluation-repeat1,artifacts/hparam_search/continuation/both/corrected-evaluation-repeat1.json,8afdaf3af63b691701b7ee731b730193b46c3374d1120abdc32e49a12b23a5f3,/n/holylabs/pgozdil_lab/Lab/active-perception/active_perception_so101/logs/hparam_search/both/plug_wrist_static_clean_gru_v7_s0_n512_both_20261007T211458Z/model_750.pt,0,xp,128,0,0.0,8.24399006432941,3.2481157686561346,2.551035431679338,13.133380794897676,18.747288919985294,8.24399006432941,2,0.5703125,0.625,0.9453125,0
historical_tuning_checkpoints,both,corrected-evaluation-repeat1,artifacts/hparam_search/continuation/both/corrected-evaluation-repeat1.json,8afdaf3af63b691701b7ee731b730193b46c3374d1120abdc32e49a12b23a5f3,/n/holylabs/pgozdil_lab/Lab/active-perception/active_perception_so101/logs/hparam_search/both/plug_wrist_static_clean_gru_v7_s0_n512_both_20261007T211458Z/model_750.pt,0,ym,128,35,0.2734375,15.210951008612028,15.203395392745733,1.950984908035025,22.627323865890503,37.65126354992389,20.312629219505094,0,0.390625,0.390625,0.671875,0
historical_tuning_checkpoints,both,corrected-evaluation-repeat1,artifacts/hparam_search/continuation/both/corrected-evaluation-repeat1.json,8afdaf3af63b691701b7ee731b730193b46c3374d1120abdc32e49a12b23a5f3,/n/holylabs/pgozdil_lab/Lab/active-perception/active_perception_so101/logs/hparam_search/both/plug_wrist_static_clean_gru_v7_s0_n512_both_20261007T211458Z/model_750.pt,0,yp,128,31,0.2421875,15.126660242458456,17.458664253354073,2.158634481020272,23.563448805361986,28.123971074819565,19.56432547957934,1,0.34375,0.34375,0.609375,0
historical_tuning_checkpoints,both,corrected-evaluation-repeat2,artifacts/hparam_search/continuation/both/corrected-evaluation-repeat2.json,f75401c856bd71de5b5e42625b95ef55480a0eb8763abf91155f65cbdd9586f2,/n/holylabs/pgozdil_lab/Lab/active-perception/active_perception_so101/logs/hparam_search/both/plug_wrist_static_clean_gru_v7_s0_n512_both_20261007T211458Z/model_750.pt,0,xm,128,0,0.0,12.727691977488576,15.889809466898441,2.9992673662491143,19.701634533703327,20.467282086610794,12.727691977488576,0,0.3515625,0.375,0.78125,0
historical_tuning_checkpoints,both,corrected-evaluation-repeat2,artifacts/hparam_search/continuation/both/corrected-evaluation-repeat2.json,f75401c856bd71de5b5e42625b95ef55480a0eb8763abf91155f65cbdd9586f2,/n/holylabs/pgozdil_lab/Lab/active-perception/active_perception_so101/logs/hparam_search/both/plug_wrist_static_clean_gru_v7_s0_n512_both_20261007T211458Z/model_750.pt,0,xp,128,0,0.0,8.099404643871821,3.30191885586828,2.4893333902582526,12.655033962801099,17.696772329509255,8.099404643871821,2,0.5546875,0.609375,0.9296875,0
historical_tuning_checkpoints,both,corrected-evaluation-repeat2,artifacts/hparam_search/continuation/both/corrected-evaluation-repeat2.json,f75401c856bd71de5b5e42625b95ef55480a0eb8763abf91155f65cbdd9586f2,/n/holylabs/pgozdil_lab/Lab/active-perception/active_perception_so101/logs/hparam_search/both/plug_wrist_static_clean_gru_v7_s0_n512_both_20261007T211458Z/model_750.pt,0,ym,128,36,0.28125,13.942762291208055,13.249807059764862,1.9439932948444039,20.134149584919214,32.844453863799544,18.771702418630213,0,0.4296875,0.4296875,0.7421875,0
historical_tuning_checkpoints,both,corrected-evaluation-repeat2,artifacts/hparam_search/continuation/both/corrected-evaluation-repeat2.json,f75401c856bd71de5b5e42625b95ef55480a0eb8763abf91155f65cbdd9586f2,/n/holylabs/pgozdil_lab/Lab/active-perception/active_perception_so101/logs/hparam_search/both/plug_wrist_static_clean_gru_v7_s0_n512_both_20261007T211458Z/model_750.pt,0,yp,128,31,0.2421875,13.11830422582716,15.092236455529928,1.9368785433471203,20.78164415434003,25.98926536738872,16.91512440777739,2,0.40625,0.4296875,0.7109375,0
historical_tuning_checkpoints,entropy,corrected-evaluation-repeat1,artifacts/hparam_search/continuation/entropy/corrected-evaluation-repeat1.json,2b7e98e48bbf121d832f202b119efc6893ad6c3ec8fb4e6d3fbe47f0cbd68b10,/n/holylabs/pgozdil_lab/Lab/active-perception/active_perception_so101/logs/hparam_search/entropy/plug_wrist_static_clean_gru_v7_s0_n512_entropy_20261007T211458Z/model_750.pt,0,xm,128,0,0.0,9.132884886639658,4.334844183176756,2.9606687021441758,16.038446687161922,19.601797126233578,9.132884886639658,1,0.53125,0.609375,0.9453125,0
historical_tuning_checkpoints,entropy,corrected-evaluation-repeat1,artifacts/hparam_search/continuation/entropy/corrected-evaluation-repeat1.json,2b7e98e48bbf121d832f202b119efc6893ad6c3ec8fb4e6d3fbe47f0cbd68b10,/n/holylabs/pgozdil_lab/Lab/active-perception/active_perception_so101/logs/hparam_search/entropy/plug_wrist_static_clean_gru_v7_s0_n512_entropy_20261007T211458Z/model_750.pt,0,xp,128,38,0.296875,5.908441425617639,2.205902594141662,1.7271820979658514,3.123798465821892,20.644620247185227,7.743132353708562,17,0.78125,0.796875,0.890625,0
historical_tuning_checkpoints,entropy,corrected-evaluation-repeat1,artifacts/hparam_search/continuation/entropy/corrected-evaluation-repeat1.json,2b7e98e48bbf121d832f202b119efc6893ad6c3ec8fb4e6d3fbe47f0cbd68b10,/n/holylabs/pgozdil_lab/Lab/active-perception/active_perception_so101/logs/hparam_search/entropy/plug_wrist_static_clean_gru_v7_s0_n512_entropy_20261007T211458Z/model_750.pt,0,ym,128,33,0.2578125,12.740247019564777,13.566001784056425,1.743121276376769,19.808712415397167,24.519718065857887,16.748680263806722,4,0.421875,0.421875,0.7578125,0
historical_tuning_checkpoints,entropy,corrected-evaluation-repeat1,artifacts/hparam_search/continuation/entropy/corrected-evaluation-repeat1.json,2b7e98e48bbf121d832f202b119efc6893ad6c3ec8fb4e6d3fbe47f0cbd68b10,/n/holylabs/pgozdil_lab/Lab/active-perception/active_perception_so101/logs/hparam_search/entropy/plug_wrist_static_clean_gru_v7_s0_n512_entropy_20261007T211458Z/model_750.pt,0,yp,128,49,0.3828125,8.927440176648815,2.8740239795297384,1.2926196213811636,17.66783045604825,21.508312970399857,13.718345205452811,0,0.6015625,0.6015625,0.8359375,0
historical_tuning_checkpoints,entropy,corrected-evaluation-repeat2,artifacts/hparam_search/continuation/entropy/corrected-evaluation-repeat2.json,feab505df565f63515b04fb8c0f6fd1cd767e88b0223a6b82ae25bbc8b82ee5d,/n/holylabs/pgozdil_lab/Lab/active-perception/active_perception_so101/logs/hparam_search/entropy/plug_wrist_static_clean_gru_v7_s0_n512_entropy_20261007T211458Z/model_750.pt,0,xm,128,0,0.0,9.92722067712748,5.11256861500442,2.907812362536788,19.157484639436007,19.677768647670746,9.92722067712748,0,0.5,0.5703125,0.9296875,0
historical_tuning_checkpoints,entropy,corrected-evaluation-repeat2,artifacts/hparam_search/continuation/entropy/corrected-evaluation-repeat2.json,feab505df565f63515b04fb8c0f6fd1cd767e88b0223a6b82ae25bbc8b82ee5d,/n/holylabs/pgozdil_lab/Lab/active-perception/active_perception_so101/logs/hparam_search/entropy/plug_wrist_static_clean_gru_v7_s0_n512_entropy_20261007T211458Z/model_750.pt,0,xp,128,42,0.328125,5.185111946957477,2.0716696744784713,1.798303215764463,2.8806726913899183,15.210345014929771,6.980874548601204,15,0.7890625,0.796875,0.9296875,0
historical_tuning_checkpoints,entropy,corrected-evaluation-repeat2,artifacts/hparam_search/continuation/entropy/corrected-evaluation-repeat2.json,feab505df565f63515b04fb8c0f6fd1cd767e88b0223a6b82ae25bbc8b82ee5d,/n/holylabs/pgozdil_lab/Lab/active-perception/active_perception_so101/logs/hparam_search/entropy/plug_wrist_static_clean_gru_v7_s0_n512_entropy_20261007T211458Z/model_750.pt,0,ym,128,35,0.2734375,12.620074260212277,12.57877703756094,1.6096425824798644,20.033036824315786,24.971258267760273,16.896632427389743,4,0.4296875,0.453125,0.7421875,0
historical_tuning_checkpoints,entropy,corrected-evaluation-repeat2,artifacts/hparam_search/continuation/entropy/corrected-evaluation-repeat2.json,feab505df565f63515b04fb8c0f6fd1cd767e88b0223a6b82ae25bbc8b82ee5d,/n/holylabs/pgozdil_lab/Lab/active-perception/active_perception_so101/logs/hparam_search/entropy/plug_wrist_static_clean_gru_v7_s0_n512_entropy_20261007T211458Z/model_750.pt,0,yp,128,55,0.4296875,7.118962017557351,2.842686604708433,1.2884312018286437,14.024855103343725,20.092969574034214,11.562985910281334,2,0.6796875,0.6953125,0.890625,0
historical_tuning_checkpoints,fixed_lr,corrected-evaluation-repeat1,artifacts/hparam_search/continuation/fixed_lr/corrected-evaluation-repeat1.json,1c25e3ea5d4a9132b90f0ca3ad9616a65e95ed3956415a03772275f70f70a649,/n/holylabs/pgozdil_lab/Lab/active-perception/active_perception_so101/logs/hparam_search/fixed_lr/plug_wrist_static_clean_gru_v7_s0_n512_fixed_lr_20261007T211226Z/model_750.pt,0,xm,128,0,0.0,16.74348029337125,19.16743442416191,12.383173452690244,19.721120595932007,22.3605802282691,16.74348029337125,0,0.0859375,0.1328125,0.78125,0
historical_tuning_checkpoints,fixed_lr,corrected-evaluation-repeat1,artifacts/hparam_search/continuation/fixed_lr/corrected-evaluation-repeat1.json,1c25e3ea5d4a9132b90f0ca3ad9616a65e95ed3956415a03772275f70f70a649,/n/holylabs/pgozdil_lab/Lab/active-perception/active_perception_so101/logs/hparam_search/fixed_lr/plug_wrist_static_clean_gru_v7_s0_n512_fixed_lr_20261007T211226Z/model_750.pt,0,xp,128,0,0.0,21.265811492412467,22.375062108039856,19.28165555000305,24.94311798363924,31.38708993792534,21.265811492412467,0,0.1171875,0.125,0.296875,0
historical_tuning_checkpoints,fixed_lr,corrected-evaluation-repeat1,artifacts/hparam_search/continuation/fixed_lr/corrected-evaluation-repeat1.json,1c25e3ea5d4a9132b90f0ca3ad9616a65e95ed3956415a03772275f70f70a649,/n/holylabs/pgozdil_lab/Lab/active-perception/active_perception_so101/logs/hparam_search/fixed_lr/plug_wrist_static_clean_gru_v7_s0_n512_fixed_lr_20261007T211226Z/model_750.pt,0,ym,128,78,0.609375,7.436174997110356,1.7471779719926417,1.3898733886890113,6.584931164979935,22.869617305696007,16.74732157262042,6,0.7421875,0.7578125,0.8515625,0
historical_tuning_checkpoints,fixed_lr,corrected-evaluation-repeat1,artifacts/hparam_search/continuation/fixed_lr/corrected-evaluation-repeat1.json,1c25e3ea5d4a9132b90f0ca3ad9616a65e95ed3956415a03772275f70f70a649,/n/holylabs/pgozdil_lab/Lab/active-perception/active_perception_so101/logs/hparam_search/fixed_lr/plug_wrist_static_clean_gru_v7_s0_n512_fixed_lr_20261007T211226Z/model_750.pt,0,yp,128,51,0.3984375,13.354521020573884,2.9405358945950866,1.4419927028939128,23.49251927807927,31.719660386443135,21.349354588136368,1,0.515625,0.515625,0.640625,0
historical_tuning_checkpoints,fixed_lr,corrected-evaluation-repeat2,artifacts/hparam_search/continuation/fixed_lr/corrected-evaluation-repeat2.json,f315018ca2607a11fcde7467ef62724eba92ba0cb04638ad97952e274c991633,/n/holylabs/pgozdil_lab/Lab/active-perception/active_perception_so101/logs/hparam_search/fixed_lr/plug_wrist_static_clean_gru_v7_s0_n512_fixed_lr_20261007T211226Z/model_750.pt,0,xm,128,0,0.0,16.222520756855374,19.150872714817524,12.182157719507813,19.629049580544233,22.43069466203451,16.222520756855374,0,0.09375,0.171875,0.7890625,0
historical_tuning_checkpoints,fixed_lr,corrected-evaluation-repeat2,artifacts/hparam_search/continuation/fixed_lr/corrected-evaluation-repeat2.json,f315018ca2607a11fcde7467ef62724eba92ba0cb04638ad97952e274c991633,/n/holylabs/pgozdil_lab/Lab/active-perception/active_perception_so101/logs/hparam_search/fixed_lr/plug_wrist_static_clean_gru_v7_s0_n512_fixed_lr_20261007T211226Z/model_750.pt,0,xp,128,0,0.0,20.69363512964628,22.290420718491077,18.322658725082874,23.758184630423784,30.930930189788338,20.69363512964628,0,0.1328125,0.140625,0.34375,0
historical_tuning_checkpoints,fixed_lr,corrected-evaluation-repeat2,artifacts/hparam_search/continuation/fixed_lr/corrected-evaluation-repeat2.json,f315018ca2607a11fcde7467ef62724eba92ba0cb04638ad97952e274c991633,/n/holylabs/pgozdil_lab/Lab/active-perception/active_perception_so101/logs/hparam_search/fixed_lr/plug_wrist_static_clean_gru_v7_s0_n512_fixed_lr_20261007T211226Z/model_750.pt,0,ym,128,67,0.5234375,7.294592357993679,1.8926766933873296,1.526100211776793,9.183546993881464,23.08348417282104,13.6575433692788,4,0.7265625,0.765625,0.875,0
historical_tuning_checkpoints,fixed_lr,corrected-evaluation-repeat2,artifacts/hparam_search/continuation/fixed_lr/corrected-evaluation-repeat2.json,f315018ca2607a11fcde7467ef62724eba92ba0cb04638ad97952e274c991633,/n/holylabs/pgozdil_lab/Lab/active-perception/active_perception_so101/logs/hparam_search/fixed_lr/plug_wrist_static_clean_gru_v7_s0_n512_fixed_lr_20261007T211226Z/model_750.pt,0,yp,128,42,0.328125,14.62537652332685,13.365892693400383,1.5867587644606829,25.985469110310078,33.10118280351161,21.154628325454066,1,0.453125,0.46875,0.625,0
corrected_reward_screen,legacy_log_hold,evaluation-repeat1,artifacts/plug_analysis/reward_repair/legacy_log_hold/evaluation-repeat1.json,ae582519597981742a10b3f5bf1ceb9708b8d0f4c7de8ce2b4b18fc901dc523b,/n/holylabs/pgozdil_lab/Lab/active-perception/active_perception_so101/logs/reward_repair/plug_wrist_static_clean_gru_v7_s0_n512_legacy_log_hold_qpos_20261009T052702Z/model_99.pt,0,xm,128,0,0.0,38.86258685088251,36.47197782993317,29.240519739687443,46.13879136741161,58.776236325502396,38.86258685088251,0,0.0,0.0,0.046875,0
corrected_reward_screen,legacy_log_hold,evaluation-repeat1,artifacts/plug_analysis/reward_repair/legacy_log_hold/evaluation-repeat1.json,ae582519597981742a10b3f5bf1ceb9708b8d0f4c7de8ce2b4b18fc901dc523b,/n/holylabs/pgozdil_lab/Lab/active-perception/active_perception_so101/logs/reward_repair/plug_wrist_static_clean_gru_v7_s0_n512_legacy_log_hold_qpos_20261009T052702Z/model_99.pt,0,xp,128,0,0.0,22.01053158387367,22.43631426244974,17.157779075205326,26.417166460305452,31.02850466966629,22.01053158387367,0,0.03125,0.0390625,0.375,0
corrected_reward_screen,legacy_log_hold,evaluation-repeat1,artifacts/plug_analysis/reward_repair/legacy_log_hold/evaluation-repeat1.json,ae582519597981742a10b3f5bf1ceb9708b8d0f4c7de8ce2b4b18fc901dc523b,/n/holylabs/pgozdil_lab/Lab/active-perception/active_perception_so101/logs/reward_repair/plug_wrist_static_clean_gru_v7_s0_n512_legacy_log_hold_qpos_20261009T052702Z/model_99.pt,0,ym,128,0,0.0,37.46098093688488,35.511791706085205,30.72579763829708,43.095179833471775,53.08372713625431,37.46098093688488,0,0.0,0.0,0.0078125,0
corrected_reward_screen,legacy_log_hold,evaluation-repeat1,artifacts/plug_analysis/reward_repair/legacy_log_hold/evaluation-repeat1.json,ae582519597981742a10b3f5bf1ceb9708b8d0f4c7de8ce2b4b18fc901dc523b,/n/holylabs/pgozdil_lab/Lab/active-perception/active_perception_so101/logs/reward_repair/plug_wrist_static_clean_gru_v7_s0_n512_legacy_log_hold_qpos_20261009T052702Z/model_99.pt,0,yp,128,0,0.0,21.518748972084722,19.224236719310284,13.975925277918577,27.263141702860594,40.6360700726509,21.518748972084722,0,0.0546875,0.1328125,0.5703125,0
corrected_reward_screen,legacy_log_hold,evaluation-repeat2,artifacts/plug_analysis/reward_repair/legacy_log_hold/evaluation-repeat2.json,963f03c1a08cf3fcb509725fd826e894edb3201f636d0962e3e5dde9c293109e,/n/holylabs/pgozdil_lab/Lab/active-perception/active_perception_so101/logs/reward_repair/plug_wrist_static_clean_gru_v7_s0_n512_legacy_log_hold_qpos_20261009T052702Z/model_99.pt,0,xm,128,0,0.0,37.780971426400356,35.667723044753075,27.342754416167736,45.20091414451599,55.303141847252846,37.780971426400356,0,0.0,0.0,0.046875,0
corrected_reward_screen,legacy_log_hold,evaluation-repeat2,artifacts/plug_analysis/reward_repair/legacy_log_hold/evaluation-repeat2.json,963f03c1a08cf3fcb509725fd826e894edb3201f636d0962e3e5dde9c293109e,/n/holylabs/pgozdil_lab/Lab/active-perception/active_perception_so101/logs/reward_repair/plug_wrist_static_clean_gru_v7_s0_n512_legacy_log_hold_qpos_20261009T052702Z/model_99.pt,0,xp,128,0,0.0,22.62382218032144,23.083645850419998,17.107138875871897,27.624149806797504,33.013978600502014,22.62382218032144,0,0.0078125,0.0390625,0.3671875,0
corrected_reward_screen,legacy_log_hold,evaluation-repeat2,artifacts/plug_analysis/reward_repair/legacy_log_hold/evaluation-repeat2.json,963f03c1a08cf3fcb509725fd826e894edb3201f636d0962e3e5dde9c293109e,/n/holylabs/pgozdil_lab/Lab/active-perception/active_perception_so101/logs/reward_repair/plug_wrist_static_clean_gru_v7_s0_n512_legacy_log_hold_qpos_20261009T052702Z/model_99.pt,0,ym,128,0,0.0,37.10085382044781,36.03670559823513,30.387727543711662,42.89511777460575,49.922782927751534,37.10085382044781,0,0.0,0.0,0.0078125,0
corrected_reward_screen,legacy_log_hold,evaluation-repeat2,artifacts/plug_analysis/reward_repair/legacy_log_hold/evaluation-repeat2.json,963f03c1a08cf3fcb509725fd826e894edb3201f636d0962e3e5dde9c293109e,/n/holylabs/pgozdil_lab/Lab/active-perception/active_perception_so101/logs/reward_repair/plug_wrist_static_clean_gru_v7_s0_n512_legacy_log_hold_qpos_20261009T052702Z/model_99.pt,0,yp,128,0,0.0,21.582274992397288,19.66664381325245,13.553866883739829,28.364826925098896,39.96659405529499,21.582274992397288,0,0.0703125,0.125,0.5234375,0
corrected_reward_screen,progress,evaluation-repeat1,artifacts/plug_analysis/reward_repair/progress/evaluation-repeat1.json,4aeb86317900e204d6d8f8a1f64090e3a83e8404b870e277465d916596861a6d,/n/holylabs/pgozdil_lab/Lab/active-perception/active_perception_so101/logs/reward_repair/plug_wrist_static_clean_gru_v7_s0_n512_progress_qpos_20261009T051733Z/model_99.pt,0,xm,128,0,0.0,20.91008504794445,20.678486675024033,16.858793795108795,23.170621134340763,29.269246011972427,20.91008504794445,0,0.0,0.015625,0.421875,0
corrected_reward_screen,progress,evaluation-repeat1,artifacts/plug_analysis/reward_repair/progress/evaluation-repeat1.json,4aeb86317900e204d6d8f8a1f64090e3a83e8404b870e277465d916596861a6d,/n/holylabs/pgozdil_lab/Lab/active-perception/active_perception_so101/logs/reward_repair/plug_wrist_static_clean_gru_v7_s0_n512_progress_qpos_20261009T051733Z/model_99.pt,0,xp,128,0,0.0,17.563605350915168,17.46615394949913,11.11603551544249,24.604245088994503,30.597516521811485,17.563605350915168,5,0.1875,0.2421875,0.6015625,0
corrected_reward_screen,progress,evaluation-repeat1,artifacts/plug_analysis/reward_repair/progress/evaluation-repeat1.json,4aeb86317900e204d6d8f8a1f64090e3a83e8404b870e277465d916596861a6d,/n/holylabs/pgozdil_lab/Lab/active-perception/active_perception_so101/logs/reward_repair/plug_wrist_static_clean_gru_v7_s0_n512_progress_qpos_20261009T051733Z/model_99.pt,0,ym,128,0,0.0,19.139869153150357,18.838833086192608,15.546810580417514,22.46864465996623,25.9751221165061,19.139869153150357,0,0.0,0.0,0.6328125,0
corrected_reward_screen,progress,evaluation-repeat1,artifacts/plug_analysis/reward_repair/progress/evaluation-repeat1.json,4aeb86317900e204d6d8f8a1f64090e3a83e8404b870e277465d916596861a6d,/n/holylabs/pgozdil_lab/Lab/active-perception/active_perception_so101/logs/reward_repair/plug_wrist_static_clean_gru_v7_s0_n512_progress_qpos_20261009T051733Z/model_99.pt,0,yp,128,0,0.0,22.48218419481418,21.087688393890858,18.385804258286953,24.743901565670967,29.466966725885865,22.48218419481418,0,0.0,0.0078125,0.3828125,0
corrected_reward_screen,progress,evaluation-repeat2,artifacts/plug_analysis/reward_repair/progress/evaluation-repeat2.json,26a3f16171f47cfe1439406021e6aeac6d67ef73b875fc260751f06f2a4d37b9,/n/holylabs/pgozdil_lab/Lab/active-perception/active_perception_so101/logs/reward_repair/plug_wrist_static_clean_gru_v7_s0_n512_progress_qpos_20261009T051733Z/model_99.pt,0,xm,128,0,0.0,20.713793535833247,20.836595445871353,17.30718184262514,23.180330637842417,26.111190393567085,20.713793535833247,0,0.0,0.0078125,0.3984375,0
corrected_reward_screen,progress,evaluation-repeat2,artifacts/plug_analysis/reward_repair/progress/evaluation-repeat2.json,26a3f16171f47cfe1439406021e6aeac6d67ef73b875fc260751f06f2a4d37b9,/n/holylabs/pgozdil_lab/Lab/active-perception/active_perception_so101/logs/reward_repair/plug_wrist_static_clean_gru_v7_s0_n512_progress_qpos_20261009T051733Z/model_99.pt,0,xp,128,1,0.0078125,17.5846508855102,18.20988953113556,11.78908720612526,24.48731428012252,29.540630988776684,17.709130823692877,2,0.203125,0.234375,0.5625,0
corrected_reward_screen,progress,evaluation-repeat2,artifacts/plug_analysis/reward_repair/progress/evaluation-repeat2.json,26a3f16171f47cfe1439406021e6aeac6d67ef73b875fc260751f06f2a4d37b9,/n/holylabs/pgozdil_lab/Lab/active-perception/active_perception_so101/logs/reward_repair/plug_wrist_static_clean_gru_v7_s0_n512_progress_qpos_20261009T051733Z/model_99.pt,0,ym,128,0,0.0,19.194411448552273,18.732772208750248,14.88934876397252,22.290673106908798,25.273537449538704,19.194411448552273,0,0.0,0.0078125,0.5703125,0
corrected_reward_screen,progress,evaluation-repeat2,artifacts/plug_analysis/reward_repair/progress/evaluation-repeat2.json,26a3f16171f47cfe1439406021e6aeac6d67ef73b875fc260751f06f2a4d37b9,/n/holylabs/pgozdil_lab/Lab/active-perception/active_perception_so101/logs/reward_repair/plug_wrist_static_clean_gru_v7_s0_n512_progress_qpos_20261009T051733Z/model_99.pt,0,yp,128,0,0.0,22.173157822180656,22.55892287939787,18.847025465220213,26.063980534672737,28.711188584566116,22.173157822180656,0,0.0234375,0.03125,0.3359375,0
corrected_reward_continuation,legacy_log_hold,evaluation-repeat1,artifacts/plug_analysis/reward_repair/continuation/legacy_log_hold/evaluation-repeat1.json,92637e0d0b7a58e7675638165fbd48e59022d4f50f6ea2ba70cf4ebd5604e2f4,/n/holylabs/pgozdil_lab/Lab/active-perception/active_perception_so101/logs/reward_repair/plug_wrist_static_clean_gru_v7_s0_n512_legacy_log_hold_qpos_20261009T052702Z/model_750.pt,0,xm,128,0,0.0,14.404795503651258,15.806107316166162,2.9255556873977184,21.837476640939713,25.47443639487028,14.404795503651258,0,0.390625,0.3984375,0.6484375,0
corrected_reward_continuation,legacy_log_hold,evaluation-repeat1,artifacts/plug_analysis/reward_repair/continuation/legacy_log_hold/evaluation-repeat1.json,92637e0d0b7a58e7675638165fbd48e59022d4f50f6ea2ba70cf4ebd5604e2f4,/n/holylabs/pgozdil_lab/Lab/active-perception/active_perception_so101/logs/reward_repair/plug_wrist_static_clean_gru_v7_s0_n512_legacy_log_hold_qpos_20261009T052702Z/model_750.pt,0,xp,128,11,0.0859375,8.552142982807709,3.265581210143864,2.3917632061056793,13.434941181913018,20.642737485468384,9.202330041891681,3,0.59375,0.6015625,0.890625,0
corrected_reward_continuation,legacy_log_hold,evaluation-repeat1,artifacts/plug_analysis/reward_repair/continuation/legacy_log_hold/evaluation-repeat1.json,92637e0d0b7a58e7675638165fbd48e59022d4f50f6ea2ba70cf4ebd5604e2f4,/n/holylabs/pgozdil_lab/Lab/active-perception/active_perception_so101/logs/reward_repair/plug_wrist_static_clean_gru_v7_s0_n512_legacy_log_hold_qpos_20261009T052702Z/model_750.pt,0,ym,128,0,0.0,18.950001811390393,19.25845630466938,14.120414620265365,24.11083411425352,29.712194204330444,18.950001811390393,0,0.109375,0.1171875,0.578125,0
corrected_reward_continuation,legacy_log_hold,evaluation-repeat1,artifacts/plug_analysis/reward_repair/continuation/legacy_log_hold/evaluation-repeat1.json,92637e0d0b7a58e7675638165fbd48e59022d4f50f6ea2ba70cf4ebd5604e2f4,/n/holylabs/pgozdil_lab/Lab/active-perception/active_perception_so101/logs/reward_repair/plug_wrist_static_clean_gru_v7_s0_n512_legacy_log_hold_qpos_20261009T052702Z/model_750.pt,0,yp,128,0,0.0,16.735560895540402,17.077644355595112,13.674792367964983,20.95092087984085,24.225979670882225,16.735560895540402,0,0.078125,0.078125,0.703125,0
corrected_reward_continuation,legacy_log_hold,evaluation-repeat2,artifacts/plug_analysis/reward_repair/continuation/legacy_log_hold/evaluation-repeat2.json,7078e45f325e20b96985bbd270d95713d7b19fc938c91df9a229aaa98d7b5c48,/n/holylabs/pgozdil_lab/Lab/active-perception/active_perception_so101/logs/reward_repair/plug_wrist_static_clean_gru_v7_s0_n512_legacy_log_hold_qpos_20261009T052702Z/model_750.pt,0,xm,128,0,0.0,13.905856361816404,14.441697392612696,3.2977766823023558,20.873752888292074,23.420323990285397,13.905856361816404,0,0.3671875,0.375,0.734375,0
corrected_reward_continuation,legacy_log_hold,evaluation-repeat2,artifacts/plug_analysis/reward_repair/continuation/legacy_log_hold/evaluation-repeat2.json,7078e45f325e20b96985bbd270d95713d7b19fc938c91df9a229aaa98d7b5c48,/n/holylabs/pgozdil_lab/Lab/active-perception/active_perception_so101/logs/reward_repair/plug_wrist_static_clean_gru_v7_s0_n512_legacy_log_hold_qpos_20261009T052702Z/model_750.pt,0,xp,128,18,0.140625,8.484060953378503,2.9799152398481965,2.204849966801703,13.819935964420438,18.68672799319029,9.593095575374635,6,0.5390625,0.5703125,0.9140625,0
corrected_reward_continuation,legacy_log_hold,evaluation-repeat2,artifacts/plug_analysis/reward_repair/continuation/legacy_log_hold/evaluation-repeat2.json,7078e45f325e20b96985bbd270d95713d7b19fc938c91df9a229aaa98d7b5c48,/n/holylabs/pgozdil_lab/Lab/active-perception/active_perception_so101/logs/reward_repair/plug_wrist_static_clean_gru_v7_s0_n512_legacy_log_hold_qpos_20261009T052702Z/model_750.pt,0,ym,128,0,0.0,18.06008531275438,18.099160864949226,13.295964803546667,23.333283606916666,29.767036624252796,18.06008531275438,1,0.1796875,0.1875,0.5703125,0
corrected_reward_continuation,legacy_log_hold,evaluation-repeat2,artifacts/plug_analysis/reward_repair/continuation/legacy_log_hold/evaluation-repeat2.json,7078e45f325e20b96985bbd270d95713d7b19fc938c91df9a229aaa98d7b5c48,/n/holylabs/pgozdil_lab/Lab/active-perception/active_perception_so101/logs/reward_repair/plug_wrist_static_clean_gru_v7_s0_n512_legacy_log_hold_qpos_20261009T052702Z/model_750.pt,0,yp,128,0,0.0,16.305082262988435,16.152440570294857,13.583717169240117,20.22366924211383,24.21093787997961,16.305082262988435,1,0.09375,0.09375,0.734375,0
corrected_reward_continuation,progress,evaluation-repeat1,artifacts/plug_analysis/reward_repair/continuation/progress/evaluation-repeat1.json,198058bc573ef48d7a7811ea296dff8e420b96b8a49533e58baab06af9658be0,/n/holylabs/pgozdil_lab/Lab/active-perception/active_perception_so101/logs/reward_repair/plug_wrist_static_clean_gru_v7_s0_n512_progress_qpos_20261009T051733Z/model_750.pt,0,xm,128,0,0.0,19.86766756090219,19.985530525445938,17.18259183689952,21.5635746717453,24.103112518787384,19.86766756090219,0,0.0,0.0234375,0.5,0
corrected_reward_continuation,progress,evaluation-repeat1,artifacts/plug_analysis/reward_repair/continuation/progress/evaluation-repeat1.json,198058bc573ef48d7a7811ea296dff8e420b96b8a49533e58baab06af9658be0,/n/holylabs/pgozdil_lab/Lab/active-perception/active_perception_so101/logs/reward_repair/plug_wrist_static_clean_gru_v7_s0_n512_progress_qpos_20261009T051733Z/model_750.pt,0,xp,128,17,0.1328125,9.191954005018488,2.9324645875021815,2.124013553839177,16.157541889697313,21.63518462330103,10.351105807097378,11,0.578125,0.59375,0.8828125,0
corrected_reward_continuation,progress,evaluation-repeat1,artifacts/plug_analysis/reward_repair/continuation/progress/evaluation-repeat1.json,198058bc573ef48d7a7811ea296dff8e420b96b8a49533e58baab06af9658be0,/n/holylabs/pgozdil_lab/Lab/active-perception/active_perception_so101/logs/reward_repair/plug_wrist_static_clean_gru_v7_s0_n512_progress_qpos_20261009T051733Z/model_750.pt,0,ym,128,0,0.0,22.278072487097234,21.0855882614851,17.999188974499702,24.604973383247852,29.220904409885406,22.278072487097234,0,0.0,0.0078125,0.40625,0
corrected_reward_continuation,progress,evaluation-repeat1,artifacts/plug_analysis/reward_repair/continuation/progress/evaluation-repeat1.json,198058bc573ef48d7a7811ea296dff8e420b96b8a49533e58baab06af9658be0,/n/holylabs/pgozdil_lab/Lab/active-perception/active_perception_so101/logs/reward_repair/plug_wrist_static_clean_gru_v7_s0_n512_progress_qpos_20261009T051733Z/model_750.pt,0,yp,128,4,0.03125,15.327068018450518,17.43433903902769,3.9553865208290517,21.542530972510576,26.03913377970457,15.772780392228835,2,0.2578125,0.2890625,0.6640625,0
corrected_reward_continuation,progress,evaluation-repeat2,artifacts/plug_analysis/reward_repair/continuation/progress/evaluation-repeat2.json,4abc904e4b0e097985f3b6bcfd92992e262b3af1cb52d4b37c86ef732ae8dd0a,/n/holylabs/pgozdil_lab/Lab/active-perception/active_perception_so101/logs/reward_repair/plug_wrist_static_clean_gru_v7_s0_n512_progress_qpos_20261009T051733Z/model_750.pt,0,xm,128,0,0.0,20.389862216688925,20.225155167281628,17.173116095364094,22.4695666693151,25.244135782122612,20.389862216688925,0,0.0,0.0234375,0.4453125,0
corrected_reward_continuation,progress,evaluation-repeat2,artifacts/plug_analysis/reward_repair/continuation/progress/evaluation-repeat2.json,4abc904e4b0e097985f3b6bcfd92992e262b3af1cb52d4b37c86ef732ae8dd0a,/n/holylabs/pgozdil_lab/Lab/active-perception/active_perception_so101/logs/reward_repair/plug_wrist_static_clean_gru_v7_s0_n512_progress_qpos_20261009T051733Z/model_750.pt,0,xp,128,16,0.125,8.091196065834083,2.8076907619833946,2.0849304855801165,14.42409330047667,19.81782093644142,9.011477093736175,13,0.625,0.6484375,0.8984375,0
corrected_reward_continuation,progress,evaluation-repeat2,artifacts/plug_analysis/reward_repair/continuation/progress/evaluation-repeat2.json,4abc904e4b0e097985f3b6bcfd92992e262b3af1cb52d4b37c86ef732ae8dd0a,/n/holylabs/pgozdil_lab/Lab/active-perception/active_perception_so101/logs/reward_repair/plug_wrist_static_clean_gru_v7_s0_n512_progress_qpos_20261009T051733Z/model_750.pt,0,ym,128,0,0.0,22.256642412685324,20.841017365455627,17.34541356563568,26.224050670862198,28.679733350872993,22.256642412685324,0,0.0,0.0,0.390625,0
corrected_reward_continuation,progress,evaluation-repeat2,artifacts/plug_analysis/reward_repair/continuation/progress/evaluation-repeat2.json,4abc904e4b0e097985f3b6bcfd92992e262b3af1cb52d4b37c86ef732ae8dd0a,/n/holylabs/pgozdil_lab/Lab/active-perception/active_perception_so101/logs/reward_repair/plug_wrist_static_clean_gru_v7_s0_n512_progress_qpos_20261009T051733Z/model_750.pt,0,yp,128,2,0.015625,13.865443777831388,15.310090500861406,2.947441185824573,19.871681462973356,23.726791888475418,14.063359028474975,1,0.3125,0.3359375,0.7578125,0
camera_control_diagnostics,freeze1-active,evaluation-repeat1,artifacts/plug_analysis/camera_controls/freeze1-active/evaluation-repeat1.json,dfc84547304291efeb127535da1d956d36580f373fdfeed4a0d98f0fa1d71561,/n/holylabs/pgozdil_lab/Lab/active-perception/active_perception_so101/logs/pilots/plug_active_clean_gru_v0_s0_n512_20261007T180020Z/model_1499.pt,0,xm,128,0,0.0,8.119020298181567,3.0523239402100444,2.982320263981819,15.366356121376157,19.55659445375204,8.119020298181567,0,0.671875,0.671875,0.9375,0
camera_control_diagnostics,freeze1-active,evaluation-repeat1,artifacts/plug_analysis/camera_controls/freeze1-active/evaluation-repeat1.json,dfc84547304291efeb127535da1d956d36580f373fdfeed4a0d98f0fa1d71561,/n/holylabs/pgozdil_lab/Lab/active-perception/active_perception_so101/logs/pilots/plug_active_clean_gru_v0_s0_n512_20261007T180020Z/model_1499.pt,0,xp,128,0,0.0,23.85606672760332,23.329260759055614,20.85590036585927,29.521162621676922,36.07332967221737,23.85606672760332,0,0.09375,0.09375,0.1875,0
camera_control_diagnostics,freeze1-active,evaluation-repeat1,artifacts/plug_analysis/camera_controls/freeze1-active/evaluation-repeat1.json,dfc84547304291efeb127535da1d956d36580f373fdfeed4a0d98f0fa1d71561,/n/holylabs/pgozdil_lab/Lab/active-perception/active_perception_so101/logs/pilots/plug_active_clean_gru_v0_s0_n512_20261007T180020Z/model_1499.pt,0,ym,128,16,0.125,14.334868161313352,3.461626940406859,2.9165325104258955,24.453443475067616,29.50723636895418,16.166157365660183,0,0.5078125,0.5078125,0.6171875,0
camera_control_diagnostics,freeze1-active,evaluation-repeat1,artifacts/plug_analysis/camera_controls/freeze1-active/evaluation-repeat1.json,dfc84547304291efeb127535da1d956d36580f373fdfeed4a0d98f0fa1d71561,/n/holylabs/pgozdil_lab/Lab/active-perception/active_perception_so101/logs/pilots/plug_active_clean_gru_v0_s0_n512_20261007T180020Z/model_1499.pt,0,yp,128,1,0.0078125,31.938346623064717,34.649934619665146,25.146881118416786,40.6678868457675,42.26360283792019,32.17452982125261,0,0.0546875,0.0546875,0.140625,0
camera_control_diagnostics,freeze1-active,evaluation-repeat2,artifacts/plug_analysis/camera_controls/freeze1-active/evaluation-repeat2.json,7acac6c7814f6b2d75f123084b2f807c7d5d899d763d5b6d821e5c37fa4d1a60,/n/holylabs/pgozdil_lab/Lab/active-perception/active_perception_so101/logs/pilots/plug_active_clean_gru_v0_s0_n512_20261007T180020Z/model_1499.pt,0,xm,128,0,0.0,8.362062844753382,3.0284372624009848,2.9656359693035483,15.050854766741395,19.624171033501625,8.362062844753382,0,0.65625,0.6640625,0.9296875,0
camera_control_diagnostics,freeze1-active,evaluation-repeat2,artifacts/plug_analysis/camera_controls/freeze1-active/evaluation-repeat2.json,7acac6c7814f6b2d75f123084b2f807c7d5d899d763d5b6d821e5c37fa4d1a60,/n/holylabs/pgozdil_lab/Lab/active-perception/active_perception_so101/logs/pilots/plug_active_clean_gru_v0_s0_n512_20261007T180020Z/model_1499.pt,0,xp,128,0,0.0,23.542739379990962,23.72206747531891,20.678486209362745,29.936042614281178,36.44801490008831,23.542739379990962,0,0.1328125,0.1328125,0.2109375,0
camera_control_diagnostics,freeze1-active,evaluation-repeat2,artifacts/plug_analysis/camera_controls/freeze1-active/evaluation-repeat2.json,7acac6c7814f6b2d75f123084b2f807c7d5d899d763d5b6d821e5c37fa4d1a60,/n/holylabs/pgozdil_lab/Lab/active-perception/active_perception_so101/logs/pilots/plug_active_clean_gru_v0_s0_n512_20261007T180020Z/model_1499.pt,0,ym,128,15,0.1171875,16.093731048385962,16.076233237981796,3.2337947632186115,24.75610002875328,30.444216914474964,18.030601644278626,0,0.40625,0.421875,0.5859375,0
camera_control_diagnostics,freeze1-active,evaluation-repeat2,artifacts/plug_analysis/camera_controls/freeze1-active/evaluation-repeat2.json,7acac6c7814f6b2d75f123084b2f807c7d5d899d763d5b6d821e5c37fa4d1a60,/n/holylabs/pgozdil_lab/Lab/active-perception/active_perception_so101/logs/pilots/plug_active_clean_gru_v0_s0_n512_20261007T180020Z/model_1499.pt,0,yp,128,3,0.0234375,31.607921264367178,33.119240775704384,25.599810294806957,40.32217524945736,42.316289618611336,32.32906726375222,0,0.0390625,0.0390625,0.1328125,0
camera_control_diagnostics,hold1-initial,evaluation-repeat1,artifacts/plug_analysis/camera_controls/hold1-initial/evaluation-repeat1.json,3bdc1bc5950811a1ab1adcb139ebd94d66b90d507de7b159e65d8e1c559fb120,/n/holylabs/pgozdil_lab/Lab/active-perception/active_perception_so101/logs/pilots/plug_initial_clean_gru_v0_s0_n512_20261007T180020Z/model_1499.pt,0,xm,128,0,0.0,8.012545584278996,3.290496300905943,2.834157377947122,14.210350345820189,19.228570535779,8.012545584278996,2,0.6171875,0.6640625,0.984375,0
camera_control_diagnostics,hold1-initial,evaluation-repeat1,artifacts/plug_analysis/camera_controls/hold1-initial/evaluation-repeat1.json,3bdc1bc5950811a1ab1adcb139ebd94d66b90d507de7b159e65d8e1c559fb120,/n/holylabs/pgozdil_lab/Lab/active-perception/active_perception_so101/logs/pilots/plug_initial_clean_gru_v0_s0_n512_20261007T180020Z/model_1499.pt,0,xp,128,35,0.2734375,2.780225257993152,2.2848661756142974,1.863334036897868,2.767345344182104,3.2428501872345805,3.2225738727657864,9,0.953125,0.953125,1.0,0
camera_control_diagnostics,hold1-initial,evaluation-repeat1,artifacts/plug_analysis/camera_controls/hold1-initial/evaluation-repeat1.json,3bdc1bc5950811a1ab1adcb139ebd94d66b90d507de7b159e65d8e1c559fb120,/n/holylabs/pgozdil_lab/Lab/active-perception/active_perception_so101/logs/pilots/plug_initial_clean_gru_v0_s0_n512_20261007T180020Z/model_1499.pt,0,ym,128,53,0.4140625,12.430211683749803,2.8248699381947517,1.3975610781926662,22.368091624230146,32.57459886372089,20.315291623895366,1,0.515625,0.5390625,0.7109375,0
camera_control_diagnostics,hold1-initial,evaluation-repeat1,artifacts/plug_analysis/camera_controls/hold1-initial/evaluation-repeat1.json,3bdc1bc5950811a1ab1adcb139ebd94d66b90d507de7b159e65d8e1c559fb120,/n/holylabs/pgozdil_lab/Lab/active-perception/active_perception_so101/logs/pilots/plug_initial_clean_gru_v0_s0_n512_20261007T180020Z/model_1499.pt,0,yp,128,64,0.5,5.782218228887359,2.1385940490290523,1.2489956570789218,10.098988888785243,17.936232313513756,10.344913545850432,0,0.734375,0.75,0.953125,0
camera_control_diagnostics,hold1-initial,evaluation-repeat2,artifacts/plug_analysis/camera_controls/hold1-initial/evaluation-repeat2.json,31482928c44435f772f648ac61a68e4b861a3414e14a2a2596897b98772f113e,/n/holylabs/pgozdil_lab/Lab/active-perception/active_perception_so101/logs/pilots/plug_initial_clean_gru_v0_s0_n512_20261007T180020Z/model_1499.pt,0,xm,128,0,0.0,7.699894977122312,3.231820184737444,2.811337762977928,14.559475937858224,19.377819448709488,7.699894977122312,1,0.640625,0.7109375,0.9765625,0
camera_control_diagnostics,hold1-initial,evaluation-repeat2,artifacts/plug_analysis/camera_controls/hold1-initial/evaluation-repeat2.json,31482928c44435f772f648ac61a68e4b861a3414e14a2a2596897b98772f113e,/n/holylabs/pgozdil_lab/Lab/active-perception/active_perception_so101/logs/pilots/plug_initial_clean_gru_v0_s0_n512_20261007T180020Z/model_1499.pt,0,xp,128,31,0.2421875,2.904142855641112,2.323962398804724,1.8945910269394517,2.8727738535963,3.2476340187713504,3.3153744904113185,13,0.9375,0.9453125,1.0,0
camera_control_diagnostics,hold1-initial,evaluation-repeat2,artifacts/plug_analysis/camera_controls/hold1-initial/evaluation-repeat2.json,31482928c44435f772f648ac61a68e4b861a3414e14a2a2596897b98772f113e,/n/holylabs/pgozdil_lab/Lab/active-perception/active_perception_so101/logs/pilots/plug_initial_clean_gru_v0_s0_n512_20261007T180020Z/model_1499.pt,0,ym,128,56,0.4375,13.50788465288133,5.748237716034055,1.3743121235165745,22.853130009025335,35.82131899893284,22.99055518879969,0,0.4921875,0.53125,0.703125,0
camera_control_diagnostics,hold1-initial,evaluation-repeat2,artifacts/plug_analysis/camera_controls/hold1-initial/evaluation-repeat2.json,31482928c44435f772f648ac61a68e4b861a3414e14a2a2596897b98772f113e,/n/holylabs/pgozdil_lab/Lab/active-perception/active_perception_so101/logs/pilots/plug_initial_clean_gru_v0_s0_n512_20261007T180020Z/model_1499.pt,0,yp,128,61,0.4765625,5.841270196924597,2.2035102592781186,1.0856993321795017,10.079505387693644,16.722452454268932,10.089525933822255,1,0.734375,0.75,0.9296875,0
camera_control_diagnostics,nominal-active,evaluation-repeat1,artifacts/plug_analysis/camera_controls/nominal-active/evaluation-repeat1.json,fdd8023beedae60599dfd568f17f4bfae19c8bb56b035e9744b43383cebf2a5d,/n/holylabs/pgozdil_lab/Lab/active-perception/active_perception_so101/logs/pilots/plug_active_clean_gru_v0_s0_n512_20261007T180020Z/model_1499.pt,0,xm,128,0,0.0,8.732641761525883,3.1015564454719424,2.7325149858370423,19.07692477107048,19.533059373497963,8.732641761525883,0,0.625,0.6328125,0.9453125,0
camera_control_diagnostics,nominal-active,evaluation-repeat1,artifacts/plug_analysis/camera_controls/nominal-active/evaluation-repeat1.json,fdd8023beedae60599dfd568f17f4bfae19c8bb56b035e9744b43383cebf2a5d,/n/holylabs/pgozdil_lab/Lab/active-perception/active_perception_so101/logs/pilots/plug_active_clean_gru_v0_s0_n512_20261007T180020Z/model_1499.pt,0,xp,128,28,0.21875,3.5751117202380556,2.3828697158023715,1.9018914026673883,2.7115099946968257,5.781383486464598,4.121467482764274,8,0.8984375,0.8984375,0.9921875,0
camera_control_diagnostics,nominal-active,evaluation-repeat1,artifacts/plug_analysis/camera_controls/nominal-active/evaluation-repeat1.json,fdd8023beedae60599dfd568f17f4bfae19c8bb56b035e9744b43383cebf2a5d,/n/holylabs/pgozdil_lab/Lab/active-perception/active_perception_so101/logs/pilots/plug_active_clean_gru_v0_s0_n512_20261007T180020Z/model_1499.pt,0,ym,128,45,0.3515625,12.608589629962808,14.366840943694115,1.5267911367118359,19.814076367765665,25.572603195905685,18.776874324441494,1,0.4375,0.4765625,0.75,0
camera_control_diagnostics,nominal-active,evaluation-repeat1,artifacts/plug_analysis/camera_controls/nominal-active/evaluation-repeat1.json,fdd8023beedae60599dfd568f17f4bfae19c8bb56b035e9744b43383cebf2a5d,/n/holylabs/pgozdil_lab/Lab/active-perception/active_perception_so101/logs/pilots/plug_active_clean_gru_v0_s0_n512_20261007T180020Z/model_1499.pt,0,yp,128,23,0.1796875,15.704317424024339,17.552451230585575,2.872206794563681,23.295062594115734,30.174132622778416,18.842776843701444,1,0.3359375,0.3359375,0.609375,0
camera_control_diagnostics,nominal-active,evaluation-repeat2,artifacts/plug_analysis/camera_controls/nominal-active/evaluation-repeat2.json,9eb72b74cbbed02798d7080ea92b0509d83f95685f3fabe7269a555742afde0e,/n/holylabs/pgozdil_lab/Lab/active-perception/active_perception_so101/logs/pilots/plug_active_clean_gru_v0_s0_n512_20261007T180020Z/model_1499.pt,0,xm,128,0,0.0,8.13550678321917,3.1057543819770217,2.7287654811516404,15.226680552586913,19.515876658260822,8.13550678321917,0,0.6171875,0.65625,0.953125,0
camera_control_diagnostics,nominal-active,evaluation-repeat2,artifacts/plug_analysis/camera_controls/nominal-active/evaluation-repeat2.json,9eb72b74cbbed02798d7080ea92b0509d83f95685f3fabe7269a555742afde0e,/n/holylabs/pgozdil_lab/Lab/active-perception/active_perception_so101/logs/pilots/plug_active_clean_gru_v0_s0_n512_20261007T180020Z/model_1499.pt,0,xp,128,29,0.2265625,4.366178462987591,2.399220014922321,1.963812974281609,2.8748228796757758,12.384593486785889,5.184949296902903,6,0.8359375,0.8515625,0.96875,0
camera_control_diagnostics,nominal-active,evaluation-repeat2,artifacts/plug_analysis/camera_controls/nominal-active/evaluation-repeat2.json,9eb72b74cbbed02798d7080ea92b0509d83f95685f3fabe7269a555742afde0e,/n/holylabs/pgozdil_lab/Lab/active-perception/active_perception_so101/logs/pilots/plug_active_clean_gru_v0_s0_n512_20261007T180020Z/model_1499.pt,0,ym,128,54,0.421875,12.626632674255234,9.170785313472152,1.539189339382574,22.54244824871421,27.1164920181036,20.850532853384376,2,0.4921875,0.5,0.6875,0
camera_control_diagnostics,nominal-active,evaluation-repeat2,artifacts/plug_analysis/camera_controls/nominal-active/evaluation-repeat2.json,9eb72b74cbbed02798d7080ea92b0509d83f95685f3fabe7269a555742afde0e,/n/holylabs/pgozdil_lab/Lab/active-perception/active_perception_so101/logs/pilots/plug_active_clean_gru_v0_s0_n512_20261007T180020Z/model_1499.pt,0,yp,128,19,0.1484375,16.658639974593825,18.51803995668888,2.9520640964619815,22.44158461689949,29.618372209370136,19.327856204579284,1,0.2890625,0.2890625,0.578125,0
camera_control_diagnostics,nominal-initial,evaluation-repeat1,artifacts/plug_analysis/camera_controls/nominal-initial/evaluation-repeat1.json,5ea19d61a8832459fbce29f79f2e23802ea6f0228bc99f8ebeb357a4b114493a,/n/holylabs/pgozdil_lab/Lab/active-perception/active_perception_so101/logs/pilots/plug_initial_clean_gru_v0_s0_n512_20261007T180020Z/model_1499.pt,0,xm,128,0,0.0,7.696089149249019,3.3982484601438046,2.9020491638220847,13.940576231107116,19.43188216537237,7.696089149249019,0,0.6484375,0.6953125,0.96875,0
camera_control_diagnostics,nominal-initial,evaluation-repeat1,artifacts/plug_analysis/camera_controls/nominal-initial/evaluation-repeat1.json,5ea19d61a8832459fbce29f79f2e23802ea6f0228bc99f8ebeb357a4b114493a,/n/holylabs/pgozdil_lab/Lab/active-perception/active_perception_so101/logs/pilots/plug_initial_clean_gru_v0_s0_n512_20261007T180020Z/model_1499.pt,0,xp,128,38,0.296875,2.5837387279352697,2.232097089290619,1.8644814554136246,2.704985497985035,3.186484915204346,2.9938587091035314,10,0.96875,0.9765625,1.0,0
camera_control_diagnostics,nominal-initial,evaluation-repeat1,artifacts/plug_analysis/camera_controls/nominal-initial/evaluation-repeat1.json,5ea19d61a8832459fbce29f79f2e23802ea6f0228bc99f8ebeb357a4b114493a,/n/holylabs/pgozdil_lab/Lab/active-perception/active_perception_so101/logs/pilots/plug_initial_clean_gru_v0_s0_n512_20261007T180020Z/model_1499.pt,0,ym,128,51,0.3984375,12.514740822098247,5.139580694958568,1.5667285479139537,22.938493639230728,30.89963179081678,19.93727214731179,0,0.5,0.53125,0.7265625,0
camera_control_diagnostics,nominal-initial,evaluation-repeat1,artifacts/plug_analysis/camera_controls/nominal-initial/evaluation-repeat1.json,5ea19d61a8832459fbce29f79f2e23802ea6f0228bc99f8ebeb357a4b114493a,/n/holylabs/pgozdil_lab/Lab/active-perception/active_perception_so101/logs/pilots/plug_initial_clean_gru_v0_s0_n512_20261007T180020Z/model_1499.pt,0,yp,128,63,0.4921875,6.712368583976058,2.1412380738183856,1.099440036341548,11.957333190366626,22.409973293542862,12.087159722040479,0,0.7109375,0.7265625,0.8828125,0
camera_control_diagnostics,nominal-initial,evaluation-repeat2,artifacts/plug_analysis/camera_controls/nominal-initial/evaluation-repeat2.json,a0f4e365a15c1d8538e5433a1dfdc494c7fc7bf76744011bfa46f0be1fe9076f,/n/holylabs/pgozdil_lab/Lab/active-perception/active_perception_so101/logs/pilots/plug_initial_clean_gru_v0_s0_n512_20261007T180020Z/model_1499.pt,0,xm,128,0,0.0,8.20178208687139,3.3983485773205757,2.8271154733374715,18.73362949118018,19.672666676342487,8.20178208687139,2,0.6171875,0.65625,0.9609375,0
camera_control_diagnostics,nominal-initial,evaluation-repeat2,artifacts/plug_analysis/camera_controls/nominal-initial/evaluation-repeat2.json,a0f4e365a15c1d8538e5433a1dfdc494c7fc7bf76744011bfa46f0be1fe9076f,/n/holylabs/pgozdil_lab/Lab/active-perception/active_perception_so101/logs/pilots/plug_initial_clean_gru_v0_s0_n512_20261007T180020Z/model_1499.pt,0,xp,128,35,0.2734375,2.8016937039865297,2.2849818924441934,1.890611252747476,2.8272460913285613,3.1968018040060997,3.278321289877978,7,0.96875,0.96875,0.9921875,0
camera_control_diagnostics,nominal-initial,evaluation-repeat2,artifacts/plug_analysis/camera_controls/nominal-initial/evaluation-repeat2.json,a0f4e365a15c1d8538e5433a1dfdc494c7fc7bf76744011bfa46f0be1fe9076f,/n/holylabs/pgozdil_lab/Lab/active-perception/active_perception_so101/logs/pilots/plug_initial_clean_gru_v0_s0_n512_20261007T180020Z/model_1499.pt,0,ym,128,54,0.421875,12.890781702253662,3.9167016511783004,1.3682790158782154,22.88133604452014,31.425959058105942,21.356261154397618,1,0.5078125,0.515625,0.6875,0
camera_control_diagnostics,nominal-initial,evaluation-repeat2,artifacts/plug_analysis/camera_controls/nominal-initial/evaluation-repeat2.json,a0f4e365a15c1d8538e5433a1dfdc494c7fc7bf76744011bfa46f0be1fe9076f,/n/holylabs/pgozdil_lab/Lab/active-perception/active_perception_so101/logs/pilots/plug_initial_clean_gru_v0_s0_n512_20261007T180020Z/model_1499.pt,0,yp,128,60,0.46875,6.798605958465487,2.649888163432479,1.1241008760407567,12.894235784187913,18.572757765650746,11.736093568341698,0,0.6953125,0.703125,0.9140625,0
camera_control_diagnostics,resetmemory-initial,evaluation-repeat1,artifacts/plug_analysis/camera_controls/resetmemory-initial/evaluation-repeat1.json,d0e6da62047eddbde8a6aaf2f38814da41522dfc704ffc8c73594e643b3c45d2,/n/holylabs/pgozdil_lab/Lab/active-perception/active_perception_so101/logs/pilots/plug_initial_clean_gru_v0_s0_n512_20261007T180020Z/model_1499.pt,0,xm,128,0,0.0,17.757970537786605,19.267906434834003,13.125019613653421,20.934026688337326,25.235588662326336,17.757970537786605,0,0.171875,0.1875,0.625,0
camera_control_diagnostics,resetmemory-initial,evaluation-repeat1,artifacts/plug_analysis/camera_controls/resetmemory-initial/evaluation-repeat1.json,d0e6da62047eddbde8a6aaf2f38814da41522dfc704ffc8c73594e643b3c45d2,/n/holylabs/pgozdil_lab/Lab/active-perception/active_perception_so101/logs/pilots/plug_initial_clean_gru_v0_s0_n512_20261007T180020Z/model_1499.pt,0,xp,128,2,0.015625,13.203174454247346,13.222295325249434,2.923573076259345,22.546119056642056,25.24354588240385,13.387151990115406,3,0.4375,0.4453125,0.625,0
camera_control_diagnostics,resetmemory-initial,evaluation-repeat1,artifacts/plug_analysis/camera_controls/resetmemory-initial/evaluation-repeat1.json,d0e6da62047eddbde8a6aaf2f38814da41522dfc704ffc8c73594e643b3c45d2,/n/holylabs/pgozdil_lab/Lab/active-perception/active_perception_so101/logs/pilots/plug_initial_clean_gru_v0_s0_n512_20261007T180020Z/model_1499.pt,0,ym,128,1,0.0078125,17.290712791691476,18.255087547004223,5.87182492017746,23.306882940232754,31.820349022746086,17.41638689166243,1,0.25,0.265625,0.5859375,0
camera_control_diagnostics,resetmemory-initial,evaluation-repeat1,artifacts/plug_analysis/camera_controls/resetmemory-initial/evaluation-repeat1.json,d0e6da62047eddbde8a6aaf2f38814da41522dfc704ffc8c73594e643b3c45d2,/n/holylabs/pgozdil_lab/Lab/active-perception/active_perception_so101/logs/pilots/plug_initial_clean_gru_v0_s0_n512_20261007T180020Z/model_1499.pt,0,yp,128,3,0.0234375,18.908977550381678,19.53454315662384,11.795504717156291,26.30757400766015,35.52656546235084,19.32546704914421,2,0.21875,0.234375,0.5234375,0
camera_control_diagnostics,resetmemory-initial,evaluation-repeat2,artifacts/plug_analysis/camera_controls/resetmemory-initial/evaluation-repeat2.json,c4a2688404a4069cc49dd22c5d140504041202d3b5c8e3907ffcebc0d1cb415d,/n/holylabs/pgozdil_lab/Lab/active-perception/active_perception_so101/logs/pilots/plug_initial_clean_gru_v0_s0_n512_20261007T180020Z/model_1499.pt,0,xm,128,0,0.0,17.054500925951288,18.393881618976593,11.755096493288875,21.495142951607704,26.24200526624918,17.054500925951288,0,0.171875,0.2109375,0.671875,0
camera_control_diagnostics,resetmemory-initial,evaluation-repeat2,artifacts/plug_analysis/camera_controls/resetmemory-initial/evaluation-repeat2.json,c4a2688404a4069cc49dd22c5d140504041202d3b5c8e3907ffcebc0d1cb415d,/n/holylabs/pgozdil_lab/Lab/active-perception/active_perception_so101/logs/pilots/plug_initial_clean_gru_v0_s0_n512_20261007T180020Z/model_1499.pt,0,xp,128,1,0.0078125,13.849244513949088,16.808370128273964,2.9409711714833975,22.620143368840218,26.099281013011932,13.942575953922814,2,0.40625,0.4375,0.6328125,0
camera_control_diagnostics,resetmemory-initial,evaluation-repeat2,artifacts/plug_analysis/camera_controls/resetmemory-initial/evaluation-repeat2.json,c4a2688404a4069cc49dd22c5d140504041202d3b5c8e3907ffcebc0d1cb415d,/n/holylabs/pgozdil_lab/Lab/active-perception/active_perception_so101/logs/pilots/plug_initial_clean_gru_v0_s0_n512_20261007T180020Z/model_1499.pt,0,ym,128,1,0.0078125,17.0806863825419,18.003235571086407,3.4251126926392317,23.639201186597347,30.145432241261005,17.205929277303415,1,0.2734375,0.2890625,0.59375,0
camera_control_diagnostics,resetmemory-initial,evaluation-repeat2,artifacts/plug_analysis/camera_controls/resetmemory-initial/evaluation-repeat2.json,c4a2688404a4069cc49dd22c5d140504041202d3b5c8e3907ffcebc0d1cb415d,/n/holylabs/pgozdil_lab/Lab/active-perception/active_perception_so101/logs/pilots/plug_initial_clean_gru_v0_s0_n512_20261007T180020Z/model_1499.pt,0,yp,128,8,0.0625,18.949158762552543,19.109537824988365,8.317064784932882,26.753213722258806,36.51740625500678,20.099673404668767,1,0.25,0.2578125,0.546875,0
