condition,variant,episode,success,captured_steps,last_preterminal_error_mm,minimum_preterminal_error_mm,camera_joint_travel_pre_1s_rad,camera_joint_travel_post_1s_rad,external_camera_cartesian_travel_m,external_camera_orientation_travel_rad,external_geometric_prong_visibility_fraction,external_any_prong_visible_time_fraction,wrist_any_prong_visible_time_fraction,native_reconstructed_max_contacts,native_reconstructed_camera_contact_steps,manipulation_action_clipped_fraction,camera_action_clipped_fraction,camera_target_max_change_post_1s_rad,trace,policy_video,outside_video
wrist,xm,0,False,88,45.557342529296875,45.557342529296875,0.0012987270019948483,0.0,0.0,2.592802047729492e-06,,,0.0,18,0,0.0,,0.0,artifacts/cluster_continuation/evaluation-wrist-s0-traces/xm_failure_episode0.npz,artifacts/cluster_continuation/evaluation-wrist-s0-videos/xm_failure_episode0_policy.mp4,artifacts/cluster_continuation/evaluation-wrist-s0-videos/xm_failure_episode0_outside.mp4
wrist,xp,1,False,88,20.7084903717041,15.160853385925293,0.0012987270019948483,0.0,0.0,2.592802047729492e-06,,,1.0,13,0,0.045454545454545456,,0.0,artifacts/cluster_continuation/evaluation-wrist-s0-traces/xp_failure_episode1.npz,artifacts/cluster_continuation/evaluation-wrist-s0-videos/xp_failure_episode1_policy.mp4,artifacts/cluster_continuation/evaluation-wrist-s0-videos/xp_failure_episode1_outside.mp4
wrist,ym,2,False,88,28.4602108001709,10.60498332977295,0.0012987195514142513,0.0,0.0,2.592802047729492e-06,,,0.0,16,0,0.003787878787878788,,0.0,artifacts/cluster_continuation/evaluation-wrist-s0-traces/ym_failure_episode2.npz,artifacts/cluster_continuation/evaluation-wrist-s0-videos/ym_failure_episode2_policy.mp4,artifacts/cluster_continuation/evaluation-wrist-s0-videos/ym_failure_episode2_outside.mp4
wrist,yp,3,False,88,39.669654846191406,14.2073392868042,0.0012987270019948483,0.0,0.0,2.592802047729492e-06,,,0.0,31,0,0.01893939393939394,,0.0,artifacts/cluster_continuation/evaluation-wrist-s0-traces/yp_failure_episode3.npz,artifacts/cluster_continuation/evaluation-wrist-s0-videos/yp_failure_episode3_policy.mp4,artifacts/cluster_continuation/evaluation-wrist-s0-videos/yp_failure_episode3_outside.mp4
wrist,yp,247,True,73,1.4234366416931152,1.4234366416931152,0.0012987270019948483,0.0,0.0,2.1457672119140625e-06,,,0.0,30,0,0.0136986301369863,,0.0,artifacts/cluster_continuation/evaluation-wrist-s0-traces/yp_success_episode247.npz,artifacts/cluster_continuation/evaluation-wrist-s0-videos/yp_success_episode247_policy.mp4,artifacts/cluster_continuation/evaluation-wrist-s0-videos/yp_success_episode247_outside.mp4
wrist_static,xm,0,False,88,10.017599105834961,6.629624843597412,0.0012987270019948483,0.0,0.0,0.0,0.4343434343434344,1.0,0.0,16,0,0.0,,0.0,artifacts/cluster_continuation/evaluation-wrist_static-s0-traces/xm_failure_episode0.npz,artifacts/cluster_continuation/evaluation-wrist_static-s0-videos/xm_failure_episode0_policy.mp4,artifacts/cluster_continuation/evaluation-wrist_static-s0-videos/xm_failure_episode0_outside.mp4
wrist_static,xp,1,True,58,2.3543167114257812,2.0182783603668213,0.0012987195514142513,0.0,0.0,0.0,0.3275862068965517,0.7413793103448276,0.7758620689655172,15,0,0.005747126436781609,,0.0,artifacts/cluster_continuation/evaluation-wrist_static-s0-traces/xp_success_episode1.npz,artifacts/cluster_continuation/evaluation-wrist_static-s0-videos/xp_success_episode1_policy.mp4,artifacts/cluster_continuation/evaluation-wrist_static-s0-videos/xp_success_episode1_outside.mp4
wrist_static,ym,2,False,88,23.373502731323242,12.492859840393066,0.0012987270019948483,0.0,0.0,0.0,0.06565656565656565,0.29545454545454547,0.0,18,0,0.0,,0.0,artifacts/cluster_continuation/evaluation-wrist_static-s0-traces/ym_failure_episode2.npz,artifacts/cluster_continuation/evaluation-wrist_static-s0-videos/ym_failure_episode2_policy.mp4,artifacts/cluster_continuation/evaluation-wrist_static-s0-videos/ym_failure_episode2_outside.mp4
wrist_static,yp,3,False,88,15.157759666442871,11.376489639282227,0.0012987270019948483,0.0,0.0,0.0,0.5555555555555555,1.0,0.0,19,0,0.0,,0.0,artifacts/cluster_continuation/evaluation-wrist_static-s0-traces/yp_failure_episode3.npz,artifacts/cluster_continuation/evaluation-wrist_static-s0-videos/yp_failure_episode3_policy.mp4,artifacts/cluster_continuation/evaluation-wrist_static-s0-videos/yp_failure_episode3_outside.mp4
wrist_static,xp,5,False,88,6.362026214599609,6.362026214599609,0.0012987270019948483,0.0,0.0,0.0,0.46906565656565663,1.0,1.0,15,0,0.0,,0.0,artifacts/cluster_continuation/evaluation-wrist_static-s0-traces/xp_failure_episode5.npz,artifacts/cluster_continuation/evaluation-wrist_static-s0-videos/xp_failure_episode5_policy.mp4,artifacts/cluster_continuation/evaluation-wrist_static-s0-videos/xp_failure_episode5_outside.mp4
wrist_static,yp,111,True,67,1.7667001485824585,1.6878516674041748,0.0012987270019948483,0.0,0.0,0.0,0.2877280265339967,0.5373134328358209,0.0,16,0,0.0,,0.0,artifacts/cluster_continuation/evaluation-wrist_static-s0-traces/yp_success_episode111.npz,artifacts/cluster_continuation/evaluation-wrist_static-s0-videos/yp_success_episode111_policy.mp4,artifacts/cluster_continuation/evaluation-wrist_static-s0-videos/yp_success_episode111_outside.mp4
initial,xm,0,False,88,19.193038940429688,15.875007629394531,2.0812530517578125,0.13967043161392212,0.13217459653371533,0.7826058297996763,0.07386363636363637,0.6704545454545454,0.0,25,23,0.12878787878787878,0.045454545454545456,0.0,artifacts/cluster_continuation/evaluation-initial-s0-traces/xm_failure_episode0.npz,artifacts/cluster_continuation/evaluation-initial-s0-videos/xm_failure_episode0_policy.mp4,artifacts/cluster_continuation/evaluation-initial-s0-videos/xm_failure_episode0_outside.mp4
initial,xp,1,False,88,2.2969884872436523,2.0263030529022217,1.9398374557495117,0.00018377602100372314,0.10668999886608091,0.7710745793564544,0.0,0.0,0.625,22,0,0.030303030303030304,0.03636363636363636,0.0,artifacts/cluster_continuation/evaluation-initial-s0-traces/xp_failure_episode1.npz,artifacts/cluster_continuation/evaluation-initial-s0-videos/xp_failure_episode1_policy.mp4,artifacts/cluster_continuation/evaluation-initial-s0-videos/xp_failure_episode1_outside.mp4
initial,ym,2,True,81,1.3157321214675903,1.3157321214675903,1.6116833686828613,0.03666935861110687,0.10695682088941967,0.5200969765757278,0.0,0.0,0.0,27,1,0.18518518518518517,0.1728395061728395,0.0,artifacts/cluster_continuation/evaluation-initial-s0-traces/ym_success_episode2.npz,artifacts/cluster_continuation/evaluation-initial-s0-videos/ym_success_episode2_policy.mp4,artifacts/cluster_continuation/evaluation-initial-s0-videos/ym_success_episode2_outside.mp4
initial,yp,3,True,51,0.9709349274635315,0.8715435266494751,2.163376569747925,0.0022895336151123047,0.13211342121242287,0.834028608287429,0.010893246187363835,0.0784313725490196,0.0,16,0,0.1830065359477124,0.13725490196078433,0.0,artifacts/cluster_continuation/evaluation-initial-s0-traces/yp_success_episode3.npz,artifacts/cluster_continuation/evaluation-initial-s0-videos/yp_success_episode3_policy.mp4,artifacts/cluster_continuation/evaluation-initial-s0-videos/yp_success_episode3_outside.mp4
initial,xp,5,True,63,1.1378490924835205,1.1378490924835205,1.824756145477295,6.899237632751465e-06,0.09901791917102867,0.6817112224821376,0.0,0.0,0.9047619047619048,16,0,0.026455026455026454,0.03492063492063492,0.0,artifacts/cluster_continuation/evaluation-initial-s0-traces/xp_success_episode5.npz,artifacts/cluster_continuation/evaluation-initial-s0-videos/xp_success_episode5_policy.mp4,artifacts/cluster_continuation/evaluation-initial-s0-videos/xp_success_episode5_outside.mp4
initial,ym,6,False,88,9.040251731872559,8.094880104064941,2.847693920135498,5.8673322200775146e-08,0.11195840012344091,1.0075916772731912,0.0,0.0,0.0,16,0,0.17045454545454544,0.05,0.0,artifacts/cluster_continuation/evaluation-initial-s0-traces/ym_failure_episode6.npz,artifacts/cluster_continuation/evaluation-initial-s0-videos/ym_failure_episode6_policy.mp4,artifacts/cluster_continuation/evaluation-initial-s0-videos/ym_failure_episode6_outside.mp4
initial,yp,7,False,88,11.744784355163574,10.78978443145752,2.2377219200134277,0.0025405138731002808,0.12750818118843854,0.7962539515052417,0.005681818181818182,0.045454545454545456,0.0,15,0,0.10227272727272728,0.04772727272727273,0.0,artifacts/cluster_continuation/evaluation-initial-s0-traces/yp_failure_episode7.npz,artifacts/cluster_continuation/evaluation-initial-s0-videos/yp_failure_episode7_policy.mp4,artifacts/cluster_continuation/evaluation-initial-s0-videos/yp_failure_episode7_outside.mp4
active,xm,0,False,88,3.0324931144714355,2.0976860523223877,2.874326229095459,4.065359115600586,0.294354250662022,1.77616055848097,0.0,0.0,0.0,26,0,0.16666666666666666,0.0659090909090909,0.724634051322937,artifacts/cluster_continuation/evaluation-active-s0-traces/xm_failure_episode0.npz,artifacts/cluster_continuation/evaluation-active-s0-videos/xm_failure_episode0_policy.mp4,artifacts/cluster_continuation/evaluation-active-s0-videos/xm_failure_episode0_outside.mp4
active,xp,1,False,88,2.0175249576568604,2.0175249576568604,4.5585432052612305,4.358856678009033,0.37609467253236784,2.3463306618273663,0.0,0.0,0.9545454545454546,28,0,0.007575757575757576,0.05227272727272727,0.48523128032684326,artifacts/cluster_continuation/evaluation-active-s0-traces/xp_failure_episode1.npz,artifacts/cluster_continuation/evaluation-active-s0-videos/xp_failure_episode1_policy.mp4,artifacts/cluster_continuation/evaluation-active-s0-videos/xp_failure_episode1_outside.mp4
active,ym,2,True,84,0.683363676071167,0.5857322812080383,2.6825661659240723,5.689871788024902,0.39271865986682264,2.201004942300924,0.0,0.0,0.0,15,0,0.031746031746031744,0.05238095238095238,0.7976096272468567,artifacts/cluster_continuation/evaluation-active-s0-traces/ym_success_episode2.npz,artifacts/cluster_continuation/evaluation-active-s0-videos/ym_success_episode2_policy.mp4,artifacts/cluster_continuation/evaluation-active-s0-videos/ym_success_episode2_outside.mp4
active,yp,3,False,88,29.743160247802734,12.715764045715332,3.3354744911193848,7.687436580657959,0.4543495797003363,3.096188565734109,0.21212121212121218,0.9886363636363636,0.0,16,0,0.045454545454545456,0.0659090909090909,0.6089800000190735,artifacts/cluster_continuation/evaluation-active-s0-traces/yp_failure_episode3.npz,artifacts/cluster_continuation/evaluation-active-s0-videos/yp_failure_episode3_policy.mp4,artifacts/cluster_continuation/evaluation-active-s0-videos/yp_failure_episode3_outside.mp4
active,xp,5,True,85,1.3037675619125366,0.8839553594589233,4.03482723236084,4.446933269500732,0.32923485687670345,2.290337029868164,0.0,0.0,0.9294117647058824,16,0,0.07450980392156863,0.018823529411764704,0.5451557040214539,artifacts/cluster_continuation/evaluation-active-s0-traces/xp_success_episode5.npz,artifacts/cluster_continuation/evaluation-active-s0-videos/xp_success_episode5_policy.mp4,artifacts/cluster_continuation/evaluation-active-s0-videos/xp_success_episode5_outside.mp4
active,ym,6,False,88,21.12777328491211,10.239726066589355,2.624061107635498,6.348618507385254,0.36101178459381406,2.334817678422735,0.0,0.0,0.0,13,0,0.01893939393939394,0.15227272727272728,0.8810107707977295,artifacts/cluster_continuation/evaluation-active-s0-traces/ym_failure_episode6.npz,artifacts/cluster_continuation/evaluation-active-s0-videos/ym_failure_episode6_policy.mp4,artifacts/cluster_continuation/evaluation-active-s0-videos/ym_failure_episode6_outside.mp4
active,yp,27,True,69,1.4659780263900757,1.4659780263900757,2.736637592315674,5.29990291595459,0.39207161802891294,2.1690208562710858,0.19565217391304351,0.7246376811594203,0.0,21,0,0.033816425120772944,0.1565217391304348,1.0114117860794067,artifacts/cluster_continuation/evaluation-active-s0-traces/yp_success_episode27.npz,artifacts/cluster_continuation/evaluation-active-s0-videos/yp_success_episode27_policy.mp4,artifacts/cluster_continuation/evaluation-active-s0-videos/yp_success_episode27_outside.mp4
