features,heldout_reset_seed,training_episodes,feature_dimensions,inspection_time_s,ridge_alpha,source_revision,episodes,socket_xy_rmse_euclidean_mm,socket_xy_median_error_mm,socket_xy_p90_error_mm,socket_xy_within2mm_fraction,variant_accuracy,joint_variant_correct_and_socket_within2mm_fraction,training_mean_baseline_episodes,training_mean_baseline_socket_xy_rmse_euclidean_mm,training_mean_baseline_socket_xy_median_error_mm,training_mean_baseline_socket_xy_p90_error_mm,training_mean_baseline_socket_xy_within2mm_fraction,training_mean_baseline_variant_accuracy,training_mean_baseline_joint_variant_correct_and_socket_within2mm_fraction
cnn_only,10000,384,128,0.96,0.001,11a591f7a2129484d555caf115fcdbf1a709a0c9,128,12.007661670472835,6.404835427679503,16.271508224516715,0.078125,0.6484375,0.0546875,128,20.770155756696564,20.77199286743271,27.609685281582234,0.0,0.25,0.0
cnn_only,10001,384,128,0.96,0.001,11a591f7a2129484d555caf115fcdbf1a709a0c9,128,9.901598024562084,6.289985030085337,14.229105005983099,0.09375,0.71875,0.0625,128,19.545680502171273,18.53062312024765,26.288669580546138,0.0078125,0.25,0.0
cnn_only,10002,384,128,0.96,0.001,11a591f7a2129484d555caf115fcdbf1a709a0c9,128,10.37116336772203,6.262802961462186,17.11740098480795,0.0703125,0.6953125,0.03125,128,20.792557144036873,20.16051072953495,28.94854266340574,0.0078125,0.25,0.0
cnn_only,10003,384,128,0.96,0.001,11a591f7a2129484d555caf115fcdbf1a709a0c9,128,11.560969711322558,6.555818884043766,14.841344280348917,0.03125,0.7265625,0.0234375,128,20.774819046280925,20.878697026371437,27.255318407488005,0.0078125,0.25,0.0
proprio_only,10000,384,51,0.96,0.001,11a591f7a2129484d555caf115fcdbf1a709a0c9,128,21.218034240780717,21.32930589831505,29.196569728581434,0.0,0.3046875,0.0,128,20.770155756696564,20.77199286743271,27.609685281582234,0.0,0.25,0.0
proprio_only,10001,384,51,0.96,0.001,11a591f7a2129484d555caf115fcdbf1a709a0c9,128,20.278636220796518,19.677580037278318,28.060489935174388,0.0,0.25,0.0,128,19.545680502171273,18.53062312024765,26.288669580546138,0.0078125,0.25,0.0
proprio_only,10002,384,51,0.96,0.001,11a591f7a2129484d555caf115fcdbf1a709a0c9,128,20.915250906890993,20.28005300952755,28.66994710382992,0.0078125,0.2578125,0.0,128,20.792557144036873,20.16051072953495,28.94854266340574,0.0078125,0.25,0.0
proprio_only,10003,384,51,0.96,0.001,11a591f7a2129484d555caf115fcdbf1a709a0c9,128,1332.3832776322497,21.488235786879642,28.84779069334217,0.0,0.2890625,0.0,128,20.774819046280925,20.878697026371437,27.255318407488005,0.0078125,0.25,0.0
cnn_plus_proprio,10000,384,179,0.96,0.001,11a591f7a2129484d555caf115fcdbf1a709a0c9,128,11.191882074325198,6.470265735844772,16.71812976393541,0.0859375,0.640625,0.0546875,128,20.770155756696564,20.77199286743271,27.609685281582234,0.0,0.25,0.0
cnn_plus_proprio,10001,384,179,0.96,0.001,11a591f7a2129484d555caf115fcdbf1a709a0c9,128,9.692509947402325,5.482482763764759,13.956035206992814,0.09375,0.71875,0.0625,128,19.545680502171273,18.53062312024765,26.288669580546138,0.0078125,0.25,0.0
cnn_plus_proprio,10002,384,179,0.96,0.001,11a591f7a2129484d555caf115fcdbf1a709a0c9,128,9.759624575608902,6.660495733669685,16.11878042864366,0.0546875,0.703125,0.0390625,128,20.792557144036873,20.16051072953495,28.94854266340574,0.0078125,0.25,0.0
cnn_plus_proprio,10003,384,179,0.96,0.001,11a591f7a2129484d555caf115fcdbf1a709a0c9,128,532.1725223843281,6.990274472804627,16.229810801068812,0.0859375,0.7265625,0.0546875,128,20.774819046280925,20.878697026371437,27.255318407488005,0.0078125,0.25,0.0
gru_only,10000,384,128,0.96,0.001,11a591f7a2129484d555caf115fcdbf1a709a0c9,128,11.364737944020012,7.562307421685839,17.56316072337647,0.09375,0.578125,0.0390625,128,20.770155756696564,20.77199286743271,27.609685281582234,0.0,0.25,0.0
gru_only,10001,384,128,0.96,0.001,11a591f7a2129484d555caf115fcdbf1a709a0c9,128,9.585693387006835,6.678333213322887,15.209000993865933,0.0625,0.625,0.0546875,128,19.545680502171273,18.53062312024765,26.288669580546138,0.0078125,0.25,0.0
gru_only,10002,384,128,0.96,0.001,11a591f7a2129484d555caf115fcdbf1a709a0c9,128,10.278843719804154,6.987746104294853,14.798826097665838,0.078125,0.6015625,0.0390625,128,20.792557144036873,20.16051072953495,28.94854266340574,0.0078125,0.25,0.0
gru_only,10003,384,128,0.96,0.001,11a591f7a2129484d555caf115fcdbf1a709a0c9,128,10.097053570016598,7.279578775804489,17.050034077279527,0.0703125,0.609375,0.0390625,128,20.774819046280925,20.878697026371437,27.255318407488005,0.0078125,0.25,0.0
