variant,poststep_body_time_offset_s,step_samples,episodes,raw_mean_outside_box_component_fraction,target_xy_within2mm_fraction,body_xy_within2mm_fraction,body_below30mm_fraction,descended_samples,bin_start_s,bin_end_s,raw_mean_request_vs_final_tcp_mean_signed_mm_x,raw_mean_request_vs_final_tcp_mean_signed_mm_y,raw_mean_request_vs_final_tcp_mean_signed_mm_z,raw_mean_request_vs_final_tcp_std_signed_mm_x,raw_mean_request_vs_final_tcp_std_signed_mm_y,raw_mean_request_vs_final_tcp_std_signed_mm_z,raw_mean_request_vs_final_tcp_median_norm_mm,raw_mean_request_vs_final_tcp_p90_norm_mm,clipped_request_vs_final_tcp_mean_signed_mm_x,clipped_request_vs_final_tcp_mean_signed_mm_y,clipped_request_vs_final_tcp_mean_signed_mm_z,clipped_request_vs_final_tcp_std_signed_mm_x,clipped_request_vs_final_tcp_std_signed_mm_y,clipped_request_vs_final_tcp_std_signed_mm_z,clipped_request_vs_final_tcp_median_norm_mm,clipped_request_vs_final_tcp_p90_norm_mm,processed_target_vs_final_tcp_mean_signed_mm_x,processed_target_vs_final_tcp_mean_signed_mm_y,processed_target_vs_final_tcp_mean_signed_mm_z,processed_target_vs_final_tcp_std_signed_mm_x,processed_target_vs_final_tcp_std_signed_mm_y,processed_target_vs_final_tcp_std_signed_mm_z,processed_target_vs_final_tcp_median_norm_mm,processed_target_vs_final_tcp_p90_norm_mm,derived_tcp_tracking_mean_signed_mm_x,derived_tcp_tracking_mean_signed_mm_y,derived_tcp_tracking_mean_signed_mm_z,derived_tcp_tracking_std_signed_mm_x,derived_tcp_tracking_std_signed_mm_y,derived_tcp_tracking_std_signed_mm_z,derived_tcp_tracking_median_norm_mm,derived_tcp_tracking_p90_norm_mm,current_body_vs_final_body_mean_signed_mm_x,current_body_vs_final_body_mean_signed_mm_y,current_body_vs_final_body_mean_signed_mm_z,current_body_vs_final_body_std_signed_mm_x,current_body_vs_final_body_std_signed_mm_y,current_body_vs_final_body_std_signed_mm_z,current_body_vs_final_body_median_norm_mm,current_body_vs_final_body_p90_norm_mm,processed_target_nearest_final_variant_xy_counts_xm,processed_target_nearest_final_variant_xy_counts_xp,processed_target_nearest_final_variant_xy_counts_ym,processed_target_nearest_final_variant_xy_counts_yp,descended_processed_target_nearest_final_variant_xy_counts_xm,descended_processed_target_nearest_final_variant_xy_counts_xp,descended_processed_target_nearest_final_variant_xy_counts_ym,descended_processed_target_nearest_final_variant_xy_counts_yp
xm,0.04,3200,128,0.5722916666666666,0.0078125,0.0078125,0.0,0,0.0,1.0,-32.996121251385226,17.640163157242323,-16.433877675281835,111.72921201942214,60.90733446649964,14.48231724855954,81.45313537804891,265.59170610308456,-23.360725220095077,5.177531562591983,-3.93192177196047,53.17482538923078,41.209333809067815,5.215743640057175,54.0273651276436,118.98793367047779,-43.135808929946506,-0.4341187741019359,18.999997451900196,32.59922011741339,34.32720425959385,1.2420620087993939e-12,59.38503290561889,97.05243413078907,-0.11020628362894058,-0.007454827893525362,-0.09959020465612411,0.012126415967941284,0.02121446281671524,0.02587640844285488,0.14599552750587463,0.19041948020458221,-43.27932357788086,-0.4311307668685913,18.845497131347656,32.58403396606445,34.30242919921875,0.02655775099992752,59.44989776611328,97.13027954101562,125,1550,700,825,0,0,0,0
xm,0.04,1664,128,0.592948717948718,0.002403846153846154,0.013221153846153846,0.8287259615384616,1379,1.0,1.5,-14.068639971418857,8.835129742607656,-8.519579739345682,112.98178755323625,71.11383961882756,25.783964334751477,113.96201014924803,203.71187571013235,-25.975223408828302,-1.2742693945869699,1.5891856026763644,58.08680925755499,48.25116272137166,12.22689476210447,65.74442462408892,125.28095049331661,-16.996878561398123,2.8634395067601477,1.2074588196209097,23.473579786779265,20.891691158057487,11.21809775949299,31.315438938746187,56.22702115618656,4.623790264129639,-0.05701107904314995,9.150364875793457,24.56341552734375,23.206560134887695,11.548590660095215,32.87636947631836,52.33629608154297,-10.33257007598877,3.007261276245117,11.280496597290039,16.231115341186523,14.543075561523438,4.233352184295654,19.0642032623291,40.987361907958984,395,482,437,350,356,362,358,303
xm,0.04,1536,128,0.6013454861111112,0.001953125,0.01953125,0.9798177083333334,1505,1.5,2.0,-12.540732233028395,15.53148314663516,-12.33907654444922,118.43555518134485,67.17467329435001,22.5004003738081,119.09911681698624,205.36959445827162,-28.4382494233432,5.498442979957853,-0.1355386927995496,59.78821537420567,47.15124982865596,10.564299941735218,66.80174638739105,127.01751441365955,-11.20964541163024,7.476925433401494,-0.35939068455869166,22.91557695236388,22.519858304871356,9.846162177692227,29.974042911566855,55.00019675371739,4.961732387542725,-4.914425849914551,7.384045600891113,24.30229949951172,23.583908081054688,10.221529006958008,30.94635009765625,52.85767364501953,-4.908762454986572,2.424293041229248,8.055025100708008,10.897530555725098,8.655987739562988,4.3268280029296875,14.661697387695312,23.39693260192871,442,312,529,253,436,296,524,249
xm,0.04,1664,128,0.6131810897435898,0.003605769230769231,0.01141826923076923,0.9957932692307693,1657,2.0,2.5,-19.012918389075452,29.040521049897443,-11.305521161993967,124.09968712396936,62.89157200947372,20.062785613239008,122.90825296977937,215.086090576994,-30.538047547698376,16.29879340313487,-0.6231034064414647,61.3284088210704,44.128161475972306,9.919511062655308,67.76765431163938,126.72198504804582,-8.366382228044902,16.6209447761858,-0.7970347411285482,22.13199135779356,26.680198562042573,9.346134755914402,34.32964884830213,60.217129549380076,3.182403326034546,-14.050678253173828,5.776551246643066,22.91114044189453,27.023780822753906,9.848369598388672,34.198238372802734,58.561710357666016,-4.289196491241455,2.030809164047241,5.841169834136963,9.440388679504395,6.931459426879883,4.439044952392578,11.546472549438477,20.03013038635254,448,230,802,184,446,228,800,183
xm,0.04,3200,128,0.6136458333333333,0.0003125,0.0109375,0.9890625,3165,2.5,3.52,-26.62704717012816,37.74563896136825,-9.483327122265463,125.928770820784,58.87487268764887,18.104934180213824,120.18496819136278,220.0942648451257,-32.751373694266974,24.13140901612605,-0.721037775231588,62.91375170947058,40.54289649659259,9.67643311091674,71.88171948657399,128.16722977518606,-8.589505155978259,24.40016099655419,-0.8763176307547416,21.00069310294266,28.511542747589544,9.163314492447618,37.54821838377409,68.0747341132486,4.777735233306885,-21.172500610351562,4.174262523651123,20.9219913482666,29.009977340698242,9.759662628173828,36.01679229736328,67.12577056884766,-2.9292452335357666,2.374593496322632,3.9831907749176025,8.30268383026123,6.269692420959473,4.677567958831787,3.8187506198883057,19.564083099365234,655,373,1919,253,639,365,1911,250
xp,0.04,3200,128,0.5622916666666666,0.0,0.0,0.0,0,0.0,1.0,-21.564429936325165,11.703973267534458,-12.255729322647673,115.49216256191036,68.51764714821317,15.6465099567182,97.63029468034178,240.8845862976679,-4.987317735468971,-2.583609201731311,-2.1495643963572726,54.67629174723113,43.9139509323226,7.351152748339438,67.40398135629228,98.90476000498525,-9.735291687206882,-0.2622363257032332,18.999997451900196,32.59130093395192,34.02482912850362,1.2420620087993939e-12,46.22620350128999,75.44627306377198,-0.11124597489833832,-0.007220981642603874,-0.1009724885225296,0.011768806725740433,0.02068362571299076,0.024153362959623337,0.15230759978294373,0.18500834703445435,-9.880303382873535,-0.25895050168037415,18.844282150268555,32.57655715942383,34.000633239746094,0.024893175810575485,46.20618438720703,75.3330307006836,150,1550,750,750,0,0,0,0
xp,0.04,1664,128,0.5783253205128205,0.0018028846153846155,0.015024038461538462,0.8161057692307693,1358,1.0,1.5,0.585353999273279,8.918579477070757,-6.276725939331717,115.90480726961107,74.1517092698449,26.73298628485087,120.36306491907834,204.5389991337385,-2.519413206923322,-1.7173125628105559,2.842668440515239,58.99055283108441,48.00353532773334,12.73783360611521,73.85607904745473,103.61957206245454,3.3470417816156095,2.4531063640399937,2.4623485732501726,23.903861485069466,20.969385030333747,11.740022791365346,29.846839030954442,50.112174599775074,6.281120777130127,0.05023224651813507,7.73402738571167,25.13134002685547,22.42081069946289,12.334091186523438,33.173641204833984,52.68394470214844,11.753951072692871,2.6769864559173584,11.041499137878418,14.880247116088867,13.360146522521973,4.925119400024414,21.24940299987793,39.54585266113281,234,735,369,326,201,578,310,269
xp,0.04,1508,128,0.6229000884173298,0.0033156498673740055,0.054376657824933686,0.9608753315649867,1449,1.5,2.0,-5.926389488161825,10.76153870137649,-10.679067327821272,140.3464244851522,75.88488682932739,28.315279805459458,137.40748480864602,243.64695817265758,-7.691158663644512,-0.12246104994597591,2.2069440908551825,61.352050048428836,49.668533625084955,12.683871411814465,77.6671780990581,104.75952690903245,3.0808247155225796,1.673640605716923,1.8085225874098843,25.766953195555466,21.138830239347122,11.624714157400119,30.235441281910667,52.91322175471773,4.216454982757568,-0.3807857930660248,5.170712471008301,26.237119674682617,22.26741600036621,12.331233024597168,31.495969772338867,54.05718231201172,8.53342342376709,1.4199694395065308,7.978708267211914,10.241168975830078,7.976068019866943,5.166283130645752,15.079584121704102,27.191272735595703,257,658,318,275,254,615,313,267
xp,0.04,1540,124,0.633982683982684,0.0,0.11883116883116883,0.9727272727272728,1498,2.0,2.5,-1.3643725530377466,10.960102539114635,-12.769314377145312,154.7072333138385,74.3429956906369,27.698963300272364,146.8937263906986,265.13360423252726,-9.523193994948217,-0.28336293343030283,1.7752938365394124,63.74907753328163,49.685393124763344,12.259621038190174,80.01738724460888,105.88613346140939,6.336995147700821,2.459917321096693,1.3626212863759755,26.790555416675755,21.43806589273304,11.24922751043065,29.748068055214787,55.74176123709178,-1.04498291015625,-1.5891495943069458,3.706341028213501,26.541271209716797,21.957979202270508,12.702277183532715,30.725954055786133,54.377811431884766,5.484338760375977,0.947417676448822,6.028144836425781,8.430588722229004,6.674413204193115,5.874054908752441,11.46939468383789,22.713695526123047,320,597,358,265,319,564,358,257
xp,0.04,2597,111,0.651007572840457,0.0,0.17558721601848287,0.9826723142087024,2552,2.5,3.52,10.157188818957515,18.57679225406533,-13.175977997662557,178.14634178821814,77.20439329126766,29.68728554673616,178.6126433611116,286.1825864800082,-9.633350604452948,3.142329923561538,2.8594565738965505,65.22434175117728,51.01549399958303,12.831631607498718,83.24332705277226,107.18702705746433,12.403601105979396,4.867329305505901,2.401243855213553,27.285041742923344,21.180643269614073,11.851246629360544,31.74597589537547,59.86458241548918,-7.750205993652344,-4.209643363952637,0.5788940191268921,26.41090202331543,20.492429733276367,13.542791366577148,30.85291290283203,55.35863494873047,3.45820951461792,0.6607060432434082,3.86395001411438,7.3278279304504395,5.027840614318848,5.735093593597412,3.0145626068115234,20.817461013793945,737,797,586,477,735,764,579,474
ym,0.04,3200,128,0.5553125,0.0,0.0,0.0,0,0.0,1.0,-35.37898548096274,20.53429146443489,-13.527099333237883,118.54317336645623,56.26756396851552,14.833476421194643,81.64886853941698,255.7176510252953,-16.77653409428748,3.8803789501730757,-3.1310168439523607,53.03173870971181,37.02608778971606,6.301892390907186,55.94550216485418,104.51164132045223,-25.4437717029532,-14.926629492343581,18.999997451900196,34.797246716590294,35.10891252047968,1.2420620087993939e-12,54.36335028228586,88.50626306096265,-0.11093340069055557,-0.006250547710806131,-0.1016826182603836,0.012338835746049881,0.022885968908667564,0.024974070489406586,0.1519564688205719,0.18866142630577087,-25.5883846282959,-14.922183990478516,18.843446731567383,34.78178024291992,35.081565856933594,0.025695394724607468,54.39041519165039,88.59235382080078,250,1600,625,725,0,0,0,0
ym,0.04,1660,128,0.5626506024096386,0.0030120481927710845,0.04036144578313253,0.8361445783132531,1388,1.0,1.5,-4.804446997353803,-5.347037702493645,-5.700061470090629,107.97330812364845,71.03276083577228,25.531558732580542,112.42853042011636,187.93653019808204,-14.140839224779416,-14.640645419420228,2.7858010094208105,58.12604698462082,48.52575267434716,12.710208912797645,71.92676801379535,115.1939378992447,-6.5193076810872475,-7.683764705120207,2.4791839090456973,22.51655090907595,23.43878158928822,11.755743080475389,29.336602402508195,53.15935679988089,5.602868556976318,3.2050116062164307,7.555387020111084,23.930818557739258,24.141986846923828,12.325981140136719,33.1229133605957,52.24015808105469,0.9326968193054199,-4.289821624755859,10.818660736083984,15.805974960327148,13.832080841064453,4.685909271240234,17.144445419311523,35.65321731567383,291,549,592,228,270,410,498,210
ym,0.04,1444,126,0.6011080332409973,0.0013850415512465374,0.139196675900277,0.9826869806094183,1419,1.5,2.0,-3.9071719137012684,-27.751864269582168,-9.763423636700157,110.32522851524062,76.73811533274545,23.644565515076074,127.08423742056293,191.56113103025564,-15.302770491031554,-28.005296880890302,1.0291727321671365,60.17490523193666,50.108506654132114,11.420123968858027,80.76680817305595,118.1370620257302,-2.8362679608047547,-20.482887416685827,0.7389335331205198,22.606625237186975,33.74517040376764,10.585857490646148,33.043926610085606,80.0811653157581,6.344335556030273,17.092302322387695,5.325931549072266,23.672718048095703,34.06372833251953,10.804208755493164,35.07837677001953,76.17509460449219,4.391958236694336,-2.942553997039795,7.030434608459473,9.93416690826416,7.182255744934082,5.090216159820557,13.399554252624512,23.819543838500977,285,320,409,430,280,310,401,428
ym,0.04,1277,112,0.6275123988514748,0.0023492560689115116,0.240407204385278,0.990602975724354,1265,2.0,2.5,-6.670408439698516,-45.18515007152345,-11.392782035115273,109.66308359901183,79.08482347359755,23.036075401368795,135.51229481246168,196.69480952860332,-16.48270689086299,-35.24061755608498,0.6585733084330503,60.539094071483795,47.50152346463828,10.872347053325768,82.95687195775939,117.59837435237621,-3.6121579662903254,-28.086176713964996,0.4301406573227185,21.925365129647123,35.43444818880816,10.19072268845902,37.148372962353235,81.2273239515302,6.4359660148620605,25.18089485168457,3.8510184288024902,22.502782821655273,35.58902359008789,11.0441312789917,39.10197830200195,78.64290618896484,3.4245214462280273,-2.164128303527832,5.0606513023376465,8.638910293579102,6.812502384185791,5.670097351074219,8.66402816772461,22.23596954345703,208,229,312,528,207,222,309,527
ym,0.04,1697,86,0.6546847377725398,0.0035356511490866236,0.31054802592810843,0.9893930465527401,1679,2.5,3.52,-19.13880290301671,-61.69127539071574,-11.724019342782075,116.46858350378693,82.63055046433595,23.609369444982594,151.81151283450185,215.5410053215422,-21.814052018764475,-41.5828444815397,0.8662864260713614,62.186946639012476,44.64079238058536,10.658626684452912,85.52054064699544,120.17383829854721,-7.515590334295761,-35.697483983384714,0.6794065444713115,21.72591276552448,35.59163037104709,10.091941764191917,50.53929739836748,81.44100691213397,9.938966751098633,32.3232421875,2.7179975509643555,21.851102828979492,36.5412712097168,11.21857738494873,55.293212890625,78.64382934570312,2.9697821140289307,-2.466627836227417,4.1251935958862305,8.902603149414062,6.899844169616699,5.76077127456665,3.95145583152771,22.478824615478516,218,259,325,895,215,252,320,892
yp,0.04,3200,128,0.5961458333333334,0.0,0.0,0.0,0,0.0,1.0,-15.35010176943251,6.915749844933165,-14.451559389336062,118.19462738442462,65.44144021919949,16.143158690002686,96.07506617095586,230.91057353286197,-7.3401898578703975,3.549953242080569,-2.655722080869707,54.89975864738781,43.839964213958964,7.299893750717359,60.24367867269094,114.56192328194847,-28.566936509378138,11.561000371933966,18.999997451900196,32.83019188418805,33.56274717992071,1.2420620087993939e-12,54.372491390315275,86.87418516506634,-0.10951466113328934,-0.004804601427167654,-0.09743453562259674,0.012079570442438126,0.020275330170989037,0.024769680574536324,0.14528827369213104,0.18249911069869995,-28.709449768066406,11.567391395568848,18.847719192504883,32.815093994140625,33.53926467895508,0.02556324191391468,54.447120666503906,86.8998794555664,275,1550,625,750,0,0,0,0
yp,0.04,1645,128,0.6289766970618035,0.0024316109422492403,0.03343465045592705,0.8389057750759878,1380,1.0,1.5,-14.886989122430752,15.64530880898917,-10.233790658572875,129.76205983743472,77.22771474280556,27.479493329010403,128.59520583022277,236.71681132249165,-16.6829747551851,8.88157737579621,1.3555269599594741,61.23912512326786,49.871819679358985,12.109314616274474,75.49901072666131,116.23286893181486,-10.540501176596175,9.099088248137244,0.9853273881514637,22.85060759874584,23.69915729800404,11.122103372709454,31.52769665392867,55.62570708656904,8.888435363769531,-2.843071222305298,9.494403839111328,24.841995239257812,26.061189651489258,11.551275253295898,35.69470977783203,57.42628860473633,1.1187641620635986,6.373680114746094,11.305587768554688,14.68454647064209,13.659713745117188,4.491077423095703,17.96393585205078,35.916648864746094,220,636,277,512,188,511,239,442
yp,0.04,1369,120,0.7233990747504261,0.0007304601899196494,0.09203798392987582,0.9737034331628927,1333,1.5,2.0,-23.4435130913665,42.71661671696516,-18.754780471618805,165.26869686434955,80.38463711394867,24.90490556874955,170.52895403519062,277.3701374936803,-21.19440740328813,23.079601138533604,-1.502080888829586,65.10448613612107,48.54961051757681,9.690130810534344,84.19866626322805,118.38517101799225,-7.402510552818787,19.57266737282053,-1.7526298390743296,23.03102339097611,29.415747319766,8.882312018536075,35.64793097833669,65.45792817419421,7.49433708190918,-16.909456253051758,8.55401611328125,24.495065689086914,29.470848083496094,9.365696907043457,38.99309539794922,64.55329132080078,2.439697504043579,2.2757813930511475,7.810072422027588,9.18226146697998,7.22993278503418,5.663016319274902,13.197803497314453,23.356521606445312,164,441,440,324,164,420,434,315
yp,0.04,1168,105,0.7551369863013698,0.007705479452054794,0.0958904109589041,0.9957191780821918,1163,2.0,2.5,-18.55137652152796,52.09232275242823,-17.48848309344929,184.32663612836234,75.44638818146673,23.07211987450694,191.1922883518933,286.94148809958034,-20.67299304284235,29.23619981721206,-2.0811694517272725,66.4364813630486,45.04432119422717,9.012454542929166,84.20065040570097,118.49043955398409,-3.6728559990317007,26.180134373053654,-2.307768201021664,23.04025502622147,29.457407261954636,8.24946083660435,43.81044584241034,66.23022850486998,3.3900609016418457,-22.436359405517578,7.187868595123291,23.577678680419922,30.234119415283203,9.198393821716309,43.0377197265625,64.1288070678711,1.0631874799728394,3.0457632541656494,5.805882453918457,7.619014739990234,6.949317932128906,5.449638366699219,11.095062255859375,20.928194046020508,139,254,536,239,139,251,535,238
yp,0.04,1726,81,0.7419853225183468,0.0028968713789107765,0.05098493626882966,0.9907300115874855,1710,2.5,3.52,-21.82997551334827,55.22812360325692,-13.160836678494709,200.59536666006883,70.26444311042579,22.640970797806585,214.72259466725274,302.7518004330688,-21.50976419869054,31.475481908824694,-0.6806470660939513,67.44599440608023,40.89568452882157,9.82141119174717,84.68000519895358,119.98425554905049,0.0495728609345849,29.403411920513765,-0.9346726541930654,24.174724018083975,26.401017711775076,9.077050510121605,46.303500330199626,64.69377918792779,-0.5885743498802185,-25.60201072692871,5.091887474060059,24.403047561645508,26.68553924560547,10.590476036071777,44.6833381652832,60.84375762939453,-0.21774375438690186,2.8202311992645264,5.072710990905762,7.6523027420043945,5.540362358093262,5.351916313171387,3.7717981338500977,19.791004180908203,269,330,873,254,269,319,873,249
